agent_model_id,probe_id,parameter_point_id,adjacent_time_comparisons,mean_adjacent_trace_distance,max_adjacent_trace_distance
coherent-longitudinal-detuning,0,coherent_rate_00,80,2.6367796834847467e-17,1.6653345369377348e-16
coherent-longitudinal-detuning,1,coherent_rate_00,80,2.6367796834847467e-17,1.6653345369377348e-16
coherent-longitudinal-detuning,+,coherent_rate_00,80,0.019633692460628297,0.01963369246062845
coherent-longitudinal-detuning,-,coherent_rate_00,80,0.019633692460628297,0.01963369246062845
coherent-longitudinal-detuning,+i,coherent_rate_00,80,0.0196336924606283,0.019633692460628467
coherent-longitudinal-detuning,-i,coherent_rate_00,80,0.0196336924606283,0.019633692460628467
coherent-longitudinal-detuning,cube_mmm,coherent_rate_00,80,0.01603084276508948,0.016030842765089627
coherent-longitudinal-detuning,cube_mmp,coherent_rate_00,80,0.01603084276508948,0.016030842765089627
coherent-longitudinal-detuning,cube_mpm,coherent_rate_00,80,0.01603084276508948,0.01603084276508963
coherent-longitudinal-detuning,cube_mpp,coherent_rate_00,80,0.01603084276508948,0.01603084276508963
coherent-longitudinal-detuning,cube_pmm,coherent_rate_00,80,0.01603084276508948,0.01603084276508963
coherent-longitudinal-detuning,cube_pmp,coherent_rate_00,80,0.01603084276508948,0.01603084276508963
coherent-longitudinal-detuning,cube_ppm,coherent_rate_00,80,0.01603084276508948,0.016030842765089627
coherent-longitudinal-detuning,cube_ppp,coherent_rate_00,80,0.01603084276508948,0.016030842765089627
coherent-longitudinal-detuning,0,coherent_rate_01,80,2.914335439641036e-17,1.1102230246251565e-16
coherent-longitudinal-detuning,1,coherent_rate_01,80,2.914335439641036e-17,1.1102230246251565e-16
coherent-longitudinal-detuning,+,coherent_rate_01,80,0.0392598157590686,0.03925981575906888
coherent-longitudinal-detuning,-,coherent_rate_01,80,0.0392598157590686,0.03925981575906888
coherent-longitudinal-detuning,+i,coherent_rate_01,80,0.0392598157590686,0.03925981575906888
coherent-longitudinal-detuning,-i,coherent_rate_01,80,0.0392598157590686,0.03925981575906888
coherent-longitudinal-detuning,cube_mmm,coherent_rate_01,80,0.032055505335131976,0.03205550533513221
coherent-longitudinal-detuning,cube_mmp,coherent_rate_01,80,0.032055505335131976,0.03205550533513221
coherent-longitudinal-detuning,cube_mpm,coherent_rate_01,80,0.032055505335131976,0.03205550533513221
coherent-longitudinal-detuning,cube_mpp,coherent_rate_01,80,0.032055505335131976,0.03205550533513221
coherent-longitudinal-detuning,cube_pmm,coherent_rate_01,80,0.032055505335131976,0.03205550533513221
coherent-longitudinal-detuning,cube_pmp,coherent_rate_01,80,0.032055505335131976,0.03205550533513221
coherent-longitudinal-detuning,cube_ppm,coherent_rate_01,80,0.032055505335131976,0.03205550533513221
coherent-longitudinal-detuning,cube_ppp,coherent_rate_01,80,0.032055505335131976,0.03205550533513221
coherent-longitudinal-detuning,0,coherent_rate_02,80,1.9428902930940238e-17,1.1102230246251565e-16
coherent-longitudinal-detuning,1,coherent_rate_02,80,1.9428902930940238e-17,1.1102230246251565e-16
coherent-longitudinal-detuning,+,coherent_rate_02,80,0.05887080365118902,0.05887080365119034
coherent-longitudinal-detuning,-,coherent_rate_02,80,0.05887080365118902,0.05887080365119034
coherent-longitudinal-detuning,+i,coherent_rate_02,80,0.05887080365118902,0.05887080365119028
coherent-longitudinal-detuning,-i,coherent_rate_02,80,0.05887080365118902,0.05887080365119028
coherent-longitudinal-detuning,cube_mmm,coherent_rate_02,80,0.048067809897663336,0.048067809897664356
coherent-longitudinal-detuning,cube_mmp,coherent_rate_02,80,0.048067809897663336,0.048067809897664356
coherent-longitudinal-detuning,cube_mpm,coherent_rate_02,80,0.048067809897663336,0.048067809897664356
coherent-longitudinal-detuning,cube_mpp,coherent_rate_02,80,0.048067809897663336,0.048067809897664356
coherent-longitudinal-detuning,cube_pmm,coherent_rate_02,80,0.048067809897663336,0.048067809897664356
coherent-longitudinal-detuning,cube_pmp,coherent_rate_02,80,0.048067809897663336,0.048067809897664356
coherent-longitudinal-detuning,cube_ppm,coherent_rate_02,80,0.048067809897663336,0.048067809897664356
coherent-longitudinal-detuning,cube_ppp,coherent_rate_02,80,0.048067809897663336,0.048067809897664356
coherent-longitudinal-detuning,0,coherent_rate_03,80,3.053113317719181e-17,1.6653345369377348e-16
coherent-longitudinal-detuning,1,coherent_rate_03,80,3.053113317719181e-17,1.6653345369377348e-16
coherent-longitudinal-detuning,+,coherent_rate_03,80,0.07845909572784493,0.07845909572784543
coherent-longitudinal-detuning,-,coherent_rate_03,80,0.07845909572784493,0.07845909572784543
coherent-longitudinal-detuning,+i,coherent_rate_03,80,0.07845909572784493,0.07845909572784544
coherent-longitudinal-detuning,-i,coherent_rate_03,80,0.07845909572784493,0.07845909572784544
coherent-longitudinal-detuning,cube_mmm,coherent_rate_03,80,0.06406158340446655,0.06406158340446698
coherent-longitudinal-detuning,cube_mmp,coherent_rate_03,80,0.06406158340446655,0.06406158340446698
coherent-longitudinal-detuning,cube_mpm,coherent_rate_03,80,0.06406158340446656,0.06406158340446699
coherent-longitudinal-detuning,cube_mpp,coherent_rate_03,80,0.06406158340446656,0.06406158340446699
coherent-longitudinal-detuning,cube_pmm,coherent_rate_03,80,0.06406158340446656,0.06406158340446699
coherent-longitudinal-detuning,cube_pmp,coherent_rate_03,80,0.06406158340446656,0.06406158340446699
coherent-longitudinal-detuning,cube_ppm,coherent_rate_03,80,0.06406158340446655,0.06406158340446698
coherent-longitudinal-detuning,cube_ppp,coherent_rate_03,80,0.06406158340446655,0.06406158340446698
coherent-longitudinal-detuning,0,coherent_rate_04,80,2.7755575615628914e-17,1.6653345369377348e-16
coherent-longitudinal-detuning,1,coherent_rate_04,80,2.7755575615628914e-17,1.6653345369377348e-16
coherent-longitudinal-detuning,+,coherent_rate_04,80,0.11753739745783762,0.11753739745784011
coherent-longitudinal-detuning,-,coherent_rate_04,80,0.11753739745783762,0.11753739745784011
coherent-longitudinal-detuning,+i,coherent_rate_04,80,0.11753739745783762,0.11753739745784005
coherent-longitudinal-detuning,-i,coherent_rate_04,80,0.11753739745783762,0.11753739745784005
coherent-longitudinal-detuning,cube_mmm,coherent_rate_04,80,0.09596888315546764,0.09596888315546963
coherent-longitudinal-detuning,cube_mmp,coherent_rate_04,80,0.09596888315546764,0.09596888315546963
coherent-longitudinal-detuning,cube_mpm,coherent_rate_04,80,0.09596888315546764,0.09596888315546963
coherent-longitudinal-detuning,cube_mpp,coherent_rate_04,80,0.09596888315546764,0.09596888315546963
coherent-longitudinal-detuning,cube_pmm,coherent_rate_04,80,0.09596888315546764,0.09596888315546963
coherent-longitudinal-detuning,cube_pmp,coherent_rate_04,80,0.09596888315546764,0.09596888315546963
coherent-longitudinal-detuning,cube_ppm,coherent_rate_04,80,0.09596888315546764,0.09596888315546963
coherent-longitudinal-detuning,cube_ppp,coherent_rate_04,80,0.09596888315546764,0.09596888315546963
finite-two-level-exchange-relaxation,0,exchange_rate_00,80,0.0,0.0
finite-two-level-exchange-relaxation,1,exchange_rate_00,80,0.024999999999999994,0.0392295478639228
finite-two-level-exchange-relaxation,+,exchange_rate_00,80,0.018485569632757468,0.024535700233290398
finite-two-level-exchange-relaxation,-,exchange_rate_00,80,0.018485569632757468,0.024535700233290398
finite-two-level-exchange-relaxation,+i,exchange_rate_00,80,0.018485569632757468,0.024535700233290398
finite-two-level-exchange-relaxation,-i,exchange_rate_00,80,0.018485569632757468,0.024535700233290398
finite-two-level-exchange-relaxation,cube_mmm,exchange_rate_00,80,0.023086577062328445,0.033027006518597544
finite-two-level-exchange-relaxation,cube_mmp,exchange_rate_00,80,0.011811264104957841,0.016040320669376804
finite-two-level-exchange-relaxation,cube_mpm,exchange_rate_00,80,0.023086577062328445,0.033027006518597544
finite-two-level-exchange-relaxation,cube_mpp,exchange_rate_00,80,0.011811264104957841,0.016040320669376804
finite-two-level-exchange-relaxation,cube_pmm,exchange_rate_00,80,0.023086577062328445,0.033027006518597544
finite-two-level-exchange-relaxation,cube_pmp,exchange_rate_00,80,0.011811264104957841,0.016040320669376804
finite-two-level-exchange-relaxation,cube_ppm,exchange_rate_00,80,0.023086577062328445,0.033027006518597544
finite-two-level-exchange-relaxation,cube_ppp,exchange_rate_00,80,0.011811264104957841,0.016040320669376804
finite-two-level-exchange-relaxation,0,exchange_rate_01,80,0.0,0.0
finite-two-level-exchange-relaxation,1,exchange_rate_01,80,0.04999999999999999,0.07821723252011598
finite-two-level-exchange-relaxation,+,exchange_rate_01,80,0.03696384622157911,0.04904757251825364
finite-two-level-exchange-relaxation,-,exchange_rate_01,80,0.03696384622157911,0.04904757251825364
finite-two-level-exchange-relaxation,+i,exchange_rate_01,80,0.03696384622157911,0.04904757251825364
finite-two-level-exchange-relaxation,-i,exchange_rate_01,80,0.03696384622157911,0.04904757251825364
finite-two-level-exchange-relaxation,cube_mmm,exchange_rate_01,80,0.046159555804414096,0.06602647885550643
finite-two-level-exchange-relaxation,cube_mmp,exchange_rate_01,80,0.02362031006467555,0.032073443940797024
finite-two-level-exchange-relaxation,cube_mpm,exchange_rate_01,80,0.046159555804414096,0.06602647885550643
finite-two-level-exchange-relaxation,cube_mpp,exchange_rate_01,80,0.02362031006467555,0.032073443940797024
finite-two-level-exchange-relaxation,cube_pmm,exchange_rate_01,80,0.046159555804414096,0.06602647885550643
finite-two-level-exchange-relaxation,cube_pmp,exchange_rate_01,80,0.02362031006467555,0.032073443940797024
finite-two-level-exchange-relaxation,cube_ppm,exchange_rate_01,80,0.046159555804414096,0.06602647885550643
finite-two-level-exchange-relaxation,cube_ppp,exchange_rate_01,80,0.02362031006467555,0.032073443940797024
finite-two-level-exchange-relaxation,0,exchange_rate_02,80,0.0,0.0
finite-two-level-exchange-relaxation,1,exchange_rate_02,80,0.07484586668665641,0.11744678038403794
finite-two-level-exchange-relaxation,+,exchange_rate_02,80,0.05538446919619775,0.0735020289029139
finite-two-level-exchange-relaxation,-,exchange_rate_02,80,0.05538446919619775,0.0735020289029139
finite-two-level-exchange-relaxation,+i,exchange_rate_02,80,0.05538446919619775,0.0735020289029139
finite-two-level-exchange-relaxation,-i,exchange_rate_02,80,0.05538446919619775,0.0735020289029139
finite-two-level-exchange-relaxation,cube_mmm,exchange_rate_02,80,0.06914257918338405,0.09889610362843416
finite-two-level-exchange-relaxation,cube_mmp,exchange_rate_02,80,0.035402279195137276,0.048093853970201446
finite-two-level-exchange-relaxation,cube_mpm,exchange_rate_02,80,0.06914257918338405,0.09889610362843416
finite-two-level-exchange-relaxation,cube_mpp,exchange_rate_02,80,0.035402279195137276,0.048093853970201446
finite-two-level-exchange-relaxation,cube_pmm,exchange_rate_02,80,0.06914257918338405,0.09889610362843416
finite-two-level-exchange-relaxation,cube_pmp,exchange_rate_02,80,0.035402279195137276,0.048093853970201446
finite-two-level-exchange-relaxation,cube_ppm,exchange_rate_02,80,0.06914257918338405,0.09889610362843416
finite-two-level-exchange-relaxation,cube_ppp,exchange_rate_02,80,0.035402279195137276,0.048093853970201446
finite-two-level-exchange-relaxation,0,exchange_rate_03,80,0.0,0.0
finite-two-level-exchange-relaxation,1,exchange_rate_03,80,0.09999999999999999,0.154508497187476
finite-two-level-exchange-relaxation,+,exchange_rate_03,80,0.07386945237481486,0.09760955762725167
finite-two-level-exchange-relaxation,-,exchange_rate_03,80,0.07386945237481486,0.09760955762725167
finite-two-level-exchange-relaxation,+i,exchange_rate_03,80,0.07386945237481486,0.09760955762725167
finite-two-level-exchange-relaxation,-i,exchange_rate_03,80,0.07386945237481486,0.09760955762725167
finite-two-level-exchange-relaxation,cube_mmm,exchange_rate_03,80,0.09221051206848221,0.13123287971165545
finite-two-level-exchange-relaxation,cube_mmp,exchange_rate_03,80,0.047222915246414934,0.06407406147366713
finite-two-level-exchange-relaxation,cube_mpm,exchange_rate_03,80,0.09221051206848221,0.13123287971165545
finite-two-level-exchange-relaxation,cube_mpp,exchange_rate_03,80,0.047222915246414934,0.06407406147366713
finite-two-level-exchange-relaxation,cube_pmm,exchange_rate_03,80,0.09221051206848221,0.13123287971165545
finite-two-level-exchange-relaxation,cube_pmp,exchange_rate_03,80,0.047222915246414934,0.06407406147366713
finite-two-level-exchange-relaxation,cube_ppm,exchange_rate_03,80,0.09221051206848221,0.13123287971165545
finite-two-level-exchange-relaxation,cube_ppp,exchange_rate_03,80,0.047222915246414934,0.06407406147366713
finite-two-level-exchange-relaxation,0,exchange_rate_04,80,0.0,0.0
finite-two-level-exchange-relaxation,1,exchange_rate_04,80,0.14876883405951383,0.23272572970759164
finite-two-level-exchange-relaxation,+,exchange_rate_04,80,0.11031490570897022,0.14629340129675758
finite-two-level-exchange-relaxation,-,exchange_rate_04,80,0.11031490570897022,0.14629340129675758
finite-two-level-exchange-relaxation,+i,exchange_rate_04,80,0.11031490570897022,0.14629340129675758
finite-two-level-exchange-relaxation,-i,exchange_rate_04,80,0.11031490570897022,0.14629340129675758
finite-two-level-exchange-relaxation,cube_mmm,exchange_rate_04,80,0.13754344202375993,0.19660896234443925
finite-two-level-exchange-relaxation,cube_mmp,exchange_rate_04,80,0.0706093247528676,0.09599948809557754
finite-two-level-exchange-relaxation,cube_mpm,exchange_rate_04,80,0.13754344202375993,0.19660896234443925
finite-two-level-exchange-relaxation,cube_mpp,exchange_rate_04,80,0.0706093247528676,0.09599948809557754
finite-two-level-exchange-relaxation,cube_pmm,exchange_rate_04,80,0.13754344202375993,0.19660896234443925
finite-two-level-exchange-relaxation,cube_pmp,exchange_rate_04,80,0.0706093247528676,0.09599948809557754
finite-two-level-exchange-relaxation,cube_ppm,exchange_rate_04,80,0.13754344202375993,0.19660896234443925
finite-two-level-exchange-relaxation,cube_ppp,exchange_rate_04,80,0.0706093247528676,0.09599948809557754
markovian-photon-reservoir-decay,0,photon_decay_00,80,0.0,0.0
markovian-photon-reservoir-decay,1,photon_decay_00,80,0.005831398861361209,0.007823219707438656
markovian-photon-reservoir-decay,+,photon_decay_00,80,0.003370137443422995,0.004375031509194279
markovian-photon-reservoir-decay,-,photon_decay_00,80,0.003370137443422995,0.004375031509194279
markovian-photon-reservoir-decay,+i,photon_decay_00,80,0.003370137443422995,0.004375031509194279
markovian-photon-reservoir-decay,-i,photon_decay_00,80,0.003370137443422995,0.004375031509194279
markovian-photon-reservoir-decay,cube_mmm,photon_decay_00,80,0.004801930542478687,0.006374070791309755
markovian-photon-reservoir-decay,cube_mmp,photon_decay_00,80,0.001848843923931289,0.0023007269908113027
markovian-photon-reservoir-decay,cube_mpm,photon_decay_00,80,0.004801930542478687,0.006374070791309755
markovian-photon-reservoir-decay,cube_mpp,photon_decay_00,80,0.001848843923931289,0.0023007269908113027
markovian-photon-reservoir-decay,cube_pmm,photon_decay_00,80,0.004801930542478687,0.006374070791309755
markovian-photon-reservoir-decay,cube_pmp,photon_decay_00,80,0.001848843923931289,0.0023007269908113027
markovian-photon-reservoir-decay,cube_ppm,photon_decay_00,80,0.004801930542478687,0.006374070791309755
markovian-photon-reservoir-decay,cube_ppp,photon_decay_00,80,0.001848843923931289,0.0023007269908113027
markovian-photon-reservoir-decay,0,photon_decay_01,80,0.0,0.0
markovian-photon-reservoir-decay,1,photon_decay_01,80,0.008942380708299634,0.015585236648286316
markovian-photon-reservoir-decay,+,photon_decay_01,80,0.005355529288791299,0.008719265565028148
markovian-photon-reservoir-decay,-,photon_decay_01,80,0.005355529288791299,0.008719265565028148
markovian-photon-reservoir-decay,+i,photon_decay_01,80,0.005355529288791299,0.008719265565028148
markovian-photon-reservoir-decay,-i,photon_decay_01,80,0.005355529288791299,0.008719265565028148
markovian-photon-reservoir-decay,cube_mmm,photon_decay_01,80,0.007454620686830882,0.012699845275243553
markovian-photon-reservoir-decay,cube_mmp,photon_decay_01,80,0.0030506899907796273,0.004587801191262484
markovian-photon-reservoir-decay,cube_mpm,photon_decay_01,80,0.007454620686830882,0.012699845275243553
markovian-photon-reservoir-decay,cube_mpp,photon_decay_01,80,0.0030506899907796273,0.004587801191262484
markovian-photon-reservoir-decay,cube_pmm,photon_decay_01,80,0.007454620686830882,0.012699845275243553
markovian-photon-reservoir-decay,cube_pmp,photon_decay_01,80,0.0030506899907796273,0.004587801191262484
markovian-photon-reservoir-decay,cube_ppm,photon_decay_01,80,0.007454620686830882,0.012699845275243553
markovian-photon-reservoir-decay,cube_ppp,photon_decay_01,80,0.0030506899907796273,0.004587801191262484
markovian-photon-reservoir-decay,0,photon_decay_02,80,0.0,0.0
markovian-photon-reservoir-decay,1,photon_decay_02,80,0.011959826021702844,0.038508840198592464
markovian-photon-reservoir-decay,+,photon_decay_02,80,0.00790760377882423,0.021569528752005632
markovian-photon-reservoir-decay,-,photon_decay_02,80,0.00790760377882423,0.021569528752005632
markovian-photon-reservoir-decay,+i,photon_decay_02,80,0.00790760377882423,0.021569528752005632
markovian-photon-reservoir-decay,-i,photon_decay_02,80,0.00790760377882423,0.021569528752005632
markovian-photon-reservoir-decay,cube_mmm,photon_decay_02,80,0.010378593273657574,0.03139113595555776
markovian-photon-reservoir-decay,cube_mmp,photon_decay_02,80,0.004836838416448301,0.011368066473447779
markovian-photon-reservoir-decay,cube_mpm,photon_decay_02,80,0.010378593273657574,0.03139113595555776
markovian-photon-reservoir-decay,cube_mpp,photon_decay_02,80,0.004836838416448301,0.011368066473447779
markovian-photon-reservoir-decay,cube_pmm,photon_decay_02,80,0.010378593273657574,0.03139113595555776
markovian-photon-reservoir-decay,cube_pmp,photon_decay_02,80,0.004836838416448301,0.011368066473447779
markovian-photon-reservoir-decay,cube_ppm,photon_decay_02,80,0.010378593273657574,0.03139113595555776
markovian-photon-reservoir-decay,cube_ppp,photon_decay_02,80,0.004836838416448301,0.011368066473447779
markovian-photon-reservoir-decay,0,photon_decay_03,80,0.0,0.0
markovian-photon-reservoir-decay,1,photon_decay_03,80,0.012476656965853648,0.07553474962374418
markovian-photon-reservoir-decay,+,photon_decay_03,80,0.008972859774034241,0.0423923022911072
markovian-photon-reservoir-decay,-,photon_decay_03,80,0.008972859774034241,0.0423923022911072
markovian-photon-reservoir-decay,+i,photon_decay_03,80,0.008972859774034241,0.0423923022911072
markovian-photon-reservoir-decay,-i,photon_decay_03,80,0.008972859774034241,0.0423923022911072
markovian-photon-reservoir-decay,cube_mmm,photon_decay_03,80,0.011322784060184447,0.061611877490514756
markovian-photon-reservoir-decay,cube_mmp,photon_decay_03,80,0.005685159204972661,0.022404294463083008
markovian-photon-reservoir-decay,cube_mpm,photon_decay_03,80,0.011322784060184447,0.061611877490514756
markovian-photon-reservoir-decay,cube_mpp,photon_decay_03,80,0.005685159204972661,0.022404294463083008
markovian-photon-reservoir-decay,cube_pmm,photon_decay_03,80,0.011322784060184447,0.061611877490514756
markovian-photon-reservoir-decay,cube_pmp,photon_decay_03,80,0.005685159204972661,0.022404294463083008
markovian-photon-reservoir-decay,cube_ppm,photon_decay_03,80,0.011322784060184447,0.061611877490514756
markovian-photon-reservoir-decay,cube_ppp,photon_decay_03,80,0.005685159204972661,0.022404294463083008
markovian-photon-reservoir-decay,0,photon_decay_04,80,0.0,0.0
markovian-photon-reservoir-decay,1,photon_decay_04,80,0.012499956408220545,0.1453640008467666
markovian-photon-reservoir-decay,+,photon_decay_04,80,0.009231280397708878,0.08190877722030232
markovian-photon-reservoir-decay,-,photon_decay_04,80,0.009231280397708878,0.08190877722030232
markovian-photon-reservoir-decay,+i,photon_decay_04,80,0.009231280397708878,0.08190877722030232
markovian-photon-reservoir-decay,-i,photon_decay_04,80,0.009231280397708878,0.08190877722030232
markovian-photon-reservoir-decay,cube_mmm,photon_decay_04,80,0.011534521448004258,0.11871978023456453
markovian-photon-reservoir-decay,cube_mmp,photon_decay_04,80,0.005896050694307215,0.04352671680799184
markovian-photon-reservoir-decay,cube_mpm,photon_decay_04,80,0.011534521448004258,0.11871978023456453
markovian-photon-reservoir-decay,cube_mpp,photon_decay_04,80,0.005896050694307215,0.04352671680799184
markovian-photon-reservoir-decay,cube_pmm,photon_decay_04,80,0.011534521448004258,0.11871978023456453
markovian-photon-reservoir-decay,cube_pmp,photon_decay_04,80,0.005896050694307215,0.04352671680799184
markovian-photon-reservoir-decay,cube_ppm,photon_decay_04,80,0.011534521448004258,0.11871978023456453
markovian-photon-reservoir-decay,cube_ppp,photon_decay_04,80,0.005896050694307215,0.04352671680799184
finite-mode-spin-boson-dephasing,0,spin_boson_00,80,1.9428902930940238e-17,1.1102230246251565e-16
finite-mode-spin-boson-dephasing,1,spin_boson_00,80,1.9428902930940238e-17,1.1102230246251565e-16
finite-mode-spin-boson-dephasing,+,spin_boson_00,80,0.012499999734060277,0.09958357529180323
finite-mode-spin-boson-dephasing,-,spin_boson_00,80,0.012499999734060277,0.09958357529180323
finite-mode-spin-boson-dephasing,+i,spin_boson_00,80,0.012499999734060277,0.09958357529180323
finite-mode-spin-boson-dephasing,-i,spin_boson_00,80,0.012499999734060277,0.09958357529180323
finite-mode-spin-boson-dephasing,cube_mmm,spin_boson_00,80,0.010206207044457705,0.08130964874231623
finite-mode-spin-boson-dephasing,cube_mmp,spin_boson_00,80,0.010206207044457705,0.08130964874231623
finite-mode-spin-boson-dephasing,cube_mpm,spin_boson_00,80,0.010206207044457705,0.08130964874231623
finite-mode-spin-boson-dephasing,cube_mpp,spin_boson_00,80,0.010206207044457705,0.08130964874231623
finite-mode-spin-boson-dephasing,cube_pmm,spin_boson_00,80,0.010206207044457705,0.08130964874231623
finite-mode-spin-boson-dephasing,cube_pmp,spin_boson_00,80,0.010206207044457705,0.08130964874231623
finite-mode-spin-boson-dephasing,cube_ppm,spin_boson_00,80,0.010206207044457705,0.08130964874231623
finite-mode-spin-boson-dephasing,cube_ppp,spin_boson_00,80,0.010206207044457705,0.08130964874231623
finite-mode-spin-boson-dephasing,0,spin_boson_01,80,1.5265566588595904e-17,1.1102230246251565e-16
finite-mode-spin-boson-dephasing,1,spin_boson_01,80,1.5265566588595904e-17,1.1102230246251565e-16
finite-mode-spin-boson-dephasing,+,spin_boson_01,80,0.012499999999999917,0.13219621699803527
finite-mode-spin-boson-dephasing,-,spin_boson_01,80,0.012499999999999917,0.13219621699803527
finite-mode-spin-boson-dephasing,+i,spin_boson_01,80,0.012499999999999917,0.13219621699803527
finite-mode-spin-boson-dephasing,-i,spin_boson_01,80,0.012499999999999917,0.13219621699803527
finite-mode-spin-boson-dephasing,cube_mmm,spin_boson_01,80,0.010206207261596508,0.10793775919047553
finite-mode-spin-boson-dephasing,cube_mmp,spin_boson_01,80,0.010206207261596508,0.10793775919047553
finite-mode-spin-boson-dephasing,cube_mpm,spin_boson_01,80,0.010206207261596508,0.10793775919047553
finite-mode-spin-boson-dephasing,cube_mpp,spin_boson_01,80,0.010206207261596508,0.10793775919047553
finite-mode-spin-boson-dephasing,cube_pmm,spin_boson_01,80,0.010206207261596508,0.10793775919047553
finite-mode-spin-boson-dephasing,cube_pmp,spin_boson_01,80,0.010206207261596508,0.10793775919047553
finite-mode-spin-boson-dephasing,cube_ppm,spin_boson_01,80,0.010206207261596508,0.10793775919047553
finite-mode-spin-boson-dephasing,cube_ppp,spin_boson_01,80,0.010206207261596508,0.10793775919047553
finite-mode-spin-boson-dephasing,0,spin_boson_02,80,3.608224830031759e-17,2.220446049250313e-16
finite-mode-spin-boson-dephasing,1,spin_boson_02,80,3.608224830031759e-17,2.220446049250313e-16
finite-mode-spin-boson-dephasing,+,spin_boson_02,80,0.02499632237681144,0.13325515350736092
finite-mode-spin-boson-dephasing,-,spin_boson_02,80,0.02499632237681144,0.13325515350736092
finite-mode-spin-boson-dephasing,+i,spin_boson_02,80,0.02499632237681144,0.13325515350736092
finite-mode-spin-boson-dephasing,-i,spin_boson_02,80,0.02499632237681144,0.13325515350736092
finite-mode-spin-boson-dephasing,cube_mmm,spin_boson_02,80,0.020409411756433758,0.10880237722975951
finite-mode-spin-boson-dephasing,cube_mmp,spin_boson_02,80,0.020409411756433758,0.10880237722975951
finite-mode-spin-boson-dephasing,cube_mpm,spin_boson_02,80,0.020409411756433758,0.10880237722975951
finite-mode-spin-boson-dephasing,cube_mpp,spin_boson_02,80,0.020409411756433758,0.10880237722975951
finite-mode-spin-boson-dephasing,cube_pmm,spin_boson_02,80,0.020409411756433758,0.10880237722975951
finite-mode-spin-boson-dephasing,cube_pmp,spin_boson_02,80,0.020409411756433758,0.10880237722975951
finite-mode-spin-boson-dephasing,cube_ppm,spin_boson_02,80,0.020409411756433758,0.10880237722975951
finite-mode-spin-boson-dephasing,cube_ppp,spin_boson_02,80,0.020409411756433758,0.10880237722975951
finite-mode-spin-boson-dephasing,0,spin_boson_03,80,2.6367796834847467e-17,1.1102230246251565e-16
finite-mode-spin-boson-dephasing,1,spin_boson_03,80,2.6367796834847467e-17,1.1102230246251565e-16
finite-mode-spin-boson-dephasing,+,spin_boson_03,80,0.02499999803590412,0.18496031371061877
finite-mode-spin-boson-dephasing,-,spin_boson_03,80,0.02499999803590412,0.18496031371061877
finite-mode-spin-boson-dephasing,+i,spin_boson_03,80,0.02499999803590412,0.18496031371061877
finite-mode-spin-boson-dephasing,-i,spin_boson_03,80,0.02499999803590412,0.18496031371061877
finite-mode-spin-boson-dephasing,cube_mmm,spin_boson_03,80,0.020412412919515587,0.15101946375203987
finite-mode-spin-boson-dephasing,cube_mmp,spin_boson_03,80,0.020412412919515587,0.15101946375203987
finite-mode-spin-boson-dephasing,cube_mpm,spin_boson_03,80,0.020412412919515587,0.15101946375203987
finite-mode-spin-boson-dephasing,cube_mpp,spin_boson_03,80,0.020412412919515587,0.15101946375203987
finite-mode-spin-boson-dephasing,cube_pmm,spin_boson_03,80,0.020412412919515587,0.15101946375203987
finite-mode-spin-boson-dephasing,cube_pmp,spin_boson_03,80,0.020412412919515587,0.15101946375203987
finite-mode-spin-boson-dephasing,cube_ppm,spin_boson_03,80,0.020412412919515587,0.15101946375203987
finite-mode-spin-boson-dephasing,cube_ppp,spin_boson_03,80,0.020412412919515587,0.15101946375203987
finite-mode-spin-boson-dephasing,0,spin_boson_04,80,1.2490009027033011e-17,1.1102230246251565e-16
finite-mode-spin-boson-dephasing,1,spin_boson_04,80,1.2490009027033011e-17,1.1102230246251565e-16
finite-mode-spin-boson-dephasing,+,spin_boson_04,80,0.006249999999999997,0.0973435781169466
finite-mode-spin-boson-dephasing,-,spin_boson_04,80,0.006249999999999997,0.0973435781169466
finite-mode-spin-boson-dephasing,+i,spin_boson_04,80,0.006249999999999997,0.0973435781169466
finite-mode-spin-boson-dephasing,-i,spin_boson_04,80,0.006249999999999997,0.0973435781169466
finite-mode-spin-boson-dephasing,cube_mmm,spin_boson_04,80,0.005103103630798288,0.07948069870775794
finite-mode-spin-boson-dephasing,cube_mmp,spin_boson_04,80,0.005103103630798288,0.07948069870775794
finite-mode-spin-boson-dephasing,cube_mpm,spin_boson_04,80,0.005103103630798288,0.07948069870775794
finite-mode-spin-boson-dephasing,cube_mpp,spin_boson_04,80,0.005103103630798288,0.07948069870775794
finite-mode-spin-boson-dephasing,cube_pmm,spin_boson_04,80,0.005103103630798288,0.07948069870775794
finite-mode-spin-boson-dephasing,cube_pmp,spin_boson_04,80,0.005103103630798288,0.07948069870775794
finite-mode-spin-boson-dephasing,cube_ppm,spin_boson_04,80,0.005103103630798288,0.07948069870775794
finite-mode-spin-boson-dephasing,cube_ppp,spin_boson_04,80,0.005103103630798288,0.07948069870775794
finite-mode-spin-boson-dephasing,0,spin_boson_05,80,1.2490009027033011e-17,1.1102230246251565e-16
finite-mode-spin-boson-dephasing,1,spin_boson_05,80,1.2490009027033011e-17,1.1102230246251565e-16
finite-mode-spin-boson-dephasing,+,spin_boson_05,80,0.006249999999999999,0.13197826879302005
finite-mode-spin-boson-dephasing,-,spin_boson_05,80,0.006249999999999999,0.13197826879302005
finite-mode-spin-boson-dephasing,+i,spin_boson_05,80,0.006249999999999999,0.13197826879302005
finite-mode-spin-boson-dephasing,-i,spin_boson_05,80,0.006249999999999999,0.13197826879302005
finite-mode-spin-boson-dephasing,cube_mmm,spin_boson_05,80,0.005103103630798288,0.10775980522626127
finite-mode-spin-boson-dephasing,cube_mmp,spin_boson_05,80,0.005103103630798288,0.10775980522626127
finite-mode-spin-boson-dephasing,cube_mpm,spin_boson_05,80,0.005103103630798288,0.10775980522626127
finite-mode-spin-boson-dephasing,cube_mpp,spin_boson_05,80,0.005103103630798288,0.10775980522626127
finite-mode-spin-boson-dephasing,cube_pmm,spin_boson_05,80,0.005103103630798288,0.10775980522626127
finite-mode-spin-boson-dephasing,cube_pmp,spin_boson_05,80,0.005103103630798288,0.10775980522626127
finite-mode-spin-boson-dephasing,cube_ppm,spin_boson_05,80,0.005103103630798288,0.10775980522626127
finite-mode-spin-boson-dephasing,cube_ppp,spin_boson_05,80,0.005103103630798288,0.10775980522626127
finite-mode-spin-boson-dephasing,0,spin_boson_06,80,2.0816681711721685e-17,1.1102230246251565e-16
finite-mode-spin-boson-dephasing,1,spin_boson_06,80,2.0816681711721685e-17,1.1102230246251565e-16
finite-mode-spin-boson-dephasing,+,spin_boson_06,80,0.012499999884715984,0.13303451310512876
finite-mode-spin-boson-dephasing,-,spin_boson_06,80,0.012499999884715984,0.13303451310512876
finite-mode-spin-boson-dephasing,+i,spin_boson_06,80,0.012499999884715984,0.13303451310512876
finite-mode-spin-boson-dephasing,-i,spin_boson_06,80,0.012499999884715984,0.13303451310512876
finite-mode-spin-boson-dephasing,cube_mmm,spin_boson_06,80,0.010206207167467573,0.10862222509572242
finite-mode-spin-boson-dephasing,cube_mmp,spin_boson_06,80,0.010206207167467573,0.10862222509572242
finite-mode-spin-boson-dephasing,cube_mpm,spin_boson_06,80,0.010206207167467573,0.10862222509572242
finite-mode-spin-boson-dephasing,cube_mpp,spin_boson_06,80,0.010206207167467573,0.10862222509572242
finite-mode-spin-boson-dephasing,cube_pmm,spin_boson_06,80,0.010206207167467573,0.10862222509572242
finite-mode-spin-boson-dephasing,cube_pmp,spin_boson_06,80,0.010206207167467573,0.10862222509572242
finite-mode-spin-boson-dephasing,cube_ppm,spin_boson_06,80,0.010206207167467573,0.10862222509572242
finite-mode-spin-boson-dephasing,cube_ppp,spin_boson_06,80,0.010206207167467573,0.10862222509572242
finite-mode-spin-boson-dephasing,0,spin_boson_07,80,3.053113317719181e-17,1.6653345369377348e-16
finite-mode-spin-boson-dephasing,1,spin_boson_07,80,3.053113317719181e-17,1.6653345369377348e-16
finite-mode-spin-boson-dephasing,+,spin_boson_07,80,0.012499999999999994,0.184606450877044
finite-mode-spin-boson-dephasing,-,spin_boson_07,80,0.012499999999999994,0.184606450877044
finite-mode-spin-boson-dephasing,+i,spin_boson_07,80,0.012499999999999994,0.184606450877044
finite-mode-spin-boson-dephasing,-i,spin_boson_07,80,0.012499999999999994,0.184606450877044
finite-mode-spin-boson-dephasing,cube_mmm,spin_boson_07,80,0.010206207261596576,0.15073053595830868
finite-mode-spin-boson-dephasing,cube_mmp,spin_boson_07,80,0.010206207261596576,0.15073053595830868
finite-mode-spin-boson-dephasing,cube_mpm,spin_boson_07,80,0.010206207261596576,0.15073053595830868
finite-mode-spin-boson-dephasing,cube_mpp,spin_boson_07,80,0.010206207261596576,0.15073053595830868
finite-mode-spin-boson-dephasing,cube_pmm,spin_boson_07,80,0.010206207261596576,0.15073053595830868
finite-mode-spin-boson-dephasing,cube_pmp,spin_boson_07,80,0.010206207261596576,0.15073053595830868
finite-mode-spin-boson-dephasing,cube_ppm,spin_boson_07,80,0.010206207261596576,0.15073053595830868
finite-mode-spin-boson-dephasing,cube_ppp,spin_boson_07,80,0.010206207261596576,0.15073053595830868
finite-mode-spin-boson-dephasing,0,spin_boson_08,80,1.5265566588595904e-17,1.1102230246251565e-16
finite-mode-spin-boson-dephasing,1,spin_boson_08,80,1.5265566588595904e-17,1.1102230246251565e-16
finite-mode-spin-boson-dephasing,+,spin_boson_08,80,0.006249999999999999,0.09620291242656559
finite-mode-spin-boson-dephasing,-,spin_boson_08,80,0.006249999999999999,0.09620291242656559
finite-mode-spin-boson-dephasing,+i,spin_boson_08,80,0.006249999999999999,0.09620291242656559
finite-mode-spin-boson-dephasing,-i,spin_boson_08,80,0.006249999999999999,0.09620291242656559
finite-mode-spin-boson-dephasing,cube_mmm,spin_boson_08,80,0.005103103630798289,0.07854934907158026
finite-mode-spin-boson-dephasing,cube_mmp,spin_boson_08,80,0.005103103630798289,0.07854934907158026
finite-mode-spin-boson-dephasing,cube_mpm,spin_boson_08,80,0.005103103630798289,0.07854934907158026
finite-mode-spin-boson-dephasing,cube_mpp,spin_boson_08,80,0.005103103630798289,0.07854934907158026
finite-mode-spin-boson-dephasing,cube_pmm,spin_boson_08,80,0.005103103630798289,0.07854934907158026
finite-mode-spin-boson-dephasing,cube_pmp,spin_boson_08,80,0.005103103630798289,0.07854934907158026
finite-mode-spin-boson-dephasing,cube_ppm,spin_boson_08,80,0.005103103630798289,0.07854934907158026
finite-mode-spin-boson-dephasing,cube_ppp,spin_boson_08,80,0.005103103630798289,0.07854934907158026
finite-mode-spin-boson-dephasing,0,spin_boson_09,80,6.938893903907228e-18,1.1102230246251565e-16
finite-mode-spin-boson-dephasing,1,spin_boson_09,80,6.938893903907228e-18,1.1102230246251565e-16
finite-mode-spin-boson-dephasing,+,spin_boson_09,80,0.006249999999999999,0.1318273480682348
finite-mode-spin-boson-dephasing,-,spin_boson_09,80,0.006249999999999999,0.1318273480682348
finite-mode-spin-boson-dephasing,+i,spin_boson_09,80,0.006249999999999999,0.1318273480682348
finite-mode-spin-boson-dephasing,-i,spin_boson_09,80,0.006249999999999999,0.1318273480682348
finite-mode-spin-boson-dephasing,cube_mmm,spin_boson_09,80,0.005103103630798288,0.10763657897048301
finite-mode-spin-boson-dephasing,cube_mmp,spin_boson_09,80,0.005103103630798288,0.10763657897048301
finite-mode-spin-boson-dephasing,cube_mpm,spin_boson_09,80,0.005103103630798288,0.10763657897048301
finite-mode-spin-boson-dephasing,cube_mpp,spin_boson_09,80,0.005103103630798288,0.10763657897048301
finite-mode-spin-boson-dephasing,cube_pmm,spin_boson_09,80,0.005103103630798288,0.10763657897048301
finite-mode-spin-boson-dephasing,cube_pmp,spin_boson_09,80,0.005103103630798288,0.10763657897048301
finite-mode-spin-boson-dephasing,cube_ppm,spin_boson_09,80,0.005103103630798288,0.10763657897048301
finite-mode-spin-boson-dephasing,cube_ppp,spin_boson_09,80,0.005103103630798288,0.10763657897048301
finite-mode-spin-boson-dephasing,0,spin_boson_10,80,2.4980018054066023e-17,2.220446049250313e-16
finite-mode-spin-boson-dephasing,1,spin_boson_10,80,2.4980018054066023e-17,2.220446049250313e-16
finite-mode-spin-boson-dephasing,+,spin_boson_10,80,0.006249999999999999,0.1328192093134865
finite-mode-spin-boson-dephasing,-,spin_boson_10,80,0.006249999999999999,0.1328192093134865
finite-mode-spin-boson-dephasing,+i,spin_boson_10,80,0.006249999999999999,0.1328192093134865
finite-mode-spin-boson-dephasing,-i,spin_boson_10,80,0.006249999999999999,0.1328192093134865
finite-mode-spin-boson-dephasing,cube_mmm,spin_boson_10,80,0.005103103630798289,0.10844643028598575
finite-mode-spin-boson-dephasing,cube_mmp,spin_boson_10,80,0.005103103630798289,0.10844643028598575
finite-mode-spin-boson-dephasing,cube_mpm,spin_boson_10,80,0.005103103630798289,0.10844643028598575
finite-mode-spin-boson-dephasing,cube_mpp,spin_boson_10,80,0.005103103630798289,0.10844643028598575
finite-mode-spin-boson-dephasing,cube_pmm,spin_boson_10,80,0.005103103630798289,0.10844643028598575
finite-mode-spin-boson-dephasing,cube_pmp,spin_boson_10,80,0.005103103630798289,0.10844643028598575
finite-mode-spin-boson-dephasing,cube_ppm,spin_boson_10,80,0.005103103630798289,0.10844643028598575
finite-mode-spin-boson-dephasing,cube_ppp,spin_boson_10,80,0.005103103630798289,0.10844643028598575
finite-mode-spin-boson-dephasing,0,spin_boson_11,80,1.2490009027033011e-17,1.1102230246251565e-16
finite-mode-spin-boson-dephasing,1,spin_boson_11,80,1.2490009027033011e-17,1.1102230246251565e-16
finite-mode-spin-boson-dephasing,+,spin_boson_11,80,0.006249999999999998,0.18436463806442766
finite-mode-spin-boson-dephasing,-,spin_boson_11,80,0.006249999999999998,0.18436463806442766
finite-mode-spin-boson-dephasing,+i,spin_boson_11,80,0.006249999999999998,0.18436463806442766
finite-mode-spin-boson-dephasing,-i,spin_boson_11,80,0.006249999999999998,0.18436463806442766
finite-mode-spin-boson-dephasing,cube_mmm,spin_boson_11,80,0.00510310363079829,0.150533096623583
finite-mode-spin-boson-dephasing,cube_mmp,spin_boson_11,80,0.00510310363079829,0.150533096623583
finite-mode-spin-boson-dephasing,cube_mpm,spin_boson_11,80,0.00510310363079829,0.150533096623583
finite-mode-spin-boson-dephasing,cube_mpp,spin_boson_11,80,0.00510310363079829,0.150533096623583
finite-mode-spin-boson-dephasing,cube_pmm,spin_boson_11,80,0.00510310363079829,0.150533096623583
finite-mode-spin-boson-dephasing,cube_pmp,spin_boson_11,80,0.00510310363079829,0.150533096623583
finite-mode-spin-boson-dephasing,cube_ppm,spin_boson_11,80,0.00510310363079829,0.150533096623583
finite-mode-spin-boson-dephasing,cube_ppp,spin_boson_11,80,0.00510310363079829,0.150533096623583
finite-mode-spin-boson-dephasing,0,spin_boson_12,80,1.5265566588595904e-17,1.1102230246251565e-16
finite-mode-spin-boson-dephasing,1,spin_boson_12,80,1.5265566588595904e-17,1.1102230246251565e-16
finite-mode-spin-boson-dephasing,+,spin_boson_12,80,0.006249999999999999,0.09607041589665755
finite-mode-spin-boson-dephasing,-,spin_boson_12,80,0.006249999999999999,0.09607041589665755
finite-mode-spin-boson-dephasing,+i,spin_boson_12,80,0.006249999999999999,0.09607041589665755
finite-mode-spin-boson-dephasing,-i,spin_boson_12,80,0.006249999999999999,0.09607041589665755
finite-mode-spin-boson-dephasing,cube_mmm,spin_boson_12,80,0.005103103630798289,0.07844116610792556
finite-mode-spin-boson-dephasing,cube_mmp,spin_boson_12,80,0.005103103630798289,0.07844116610792556
finite-mode-spin-boson-dephasing,cube_mpm,spin_boson_12,80,0.005103103630798289,0.07844116610792556
finite-mode-spin-boson-dephasing,cube_mpp,spin_boson_12,80,0.005103103630798289,0.07844116610792556
finite-mode-spin-boson-dephasing,cube_pmm,spin_boson_12,80,0.005103103630798289,0.07844116610792556
finite-mode-spin-boson-dephasing,cube_pmp,spin_boson_12,80,0.005103103630798289,0.07844116610792556
finite-mode-spin-boson-dephasing,cube_ppm,spin_boson_12,80,0.005103103630798289,0.07844116610792556
finite-mode-spin-boson-dephasing,cube_ppp,spin_boson_12,80,0.005103103630798289,0.07844116610792556
finite-mode-spin-boson-dephasing,0,spin_boson_13,80,1.6653345369377347e-17,1.6653345369377348e-16
finite-mode-spin-boson-dephasing,1,spin_boson_13,80,1.6653345369377347e-17,1.6653345369377348e-16
finite-mode-spin-boson-dephasing,+,spin_boson_13,80,0.006249999999999999,0.131791422091546
finite-mode-spin-boson-dephasing,-,spin_boson_13,80,0.006249999999999999,0.131791422091546
finite-mode-spin-boson-dephasing,+i,spin_boson_13,80,0.006249999999999999,0.131791422091546
finite-mode-spin-boson-dephasing,-i,spin_boson_13,80,0.006249999999999999,0.131791422091546
finite-mode-spin-boson-dephasing,cube_mmm,spin_boson_13,80,0.005103103630798289,0.10760724553335022
finite-mode-spin-boson-dephasing,cube_mmp,spin_boson_13,80,0.005103103630798289,0.10760724553335022
finite-mode-spin-boson-dephasing,cube_mpm,spin_boson_13,80,0.005103103630798289,0.10760724553335022
finite-mode-spin-boson-dephasing,cube_mpp,spin_boson_13,80,0.005103103630798289,0.10760724553335022
finite-mode-spin-boson-dephasing,cube_pmm,spin_boson_13,80,0.005103103630798289,0.10760724553335022
finite-mode-spin-boson-dephasing,cube_pmp,spin_boson_13,80,0.005103103630798289,0.10760724553335022
finite-mode-spin-boson-dephasing,cube_ppm,spin_boson_13,80,0.005103103630798289,0.10760724553335022
finite-mode-spin-boson-dephasing,cube_ppp,spin_boson_13,80,0.005103103630798289,0.10760724553335022
finite-mode-spin-boson-dephasing,0,spin_boson_14,80,2.7755575615628915e-18,1.1102230246251565e-16
finite-mode-spin-boson-dephasing,1,spin_boson_14,80,2.7755575615628915e-18,1.1102230246251565e-16
finite-mode-spin-boson-dephasing,+,spin_boson_14,80,0.006249999999999999,0.13275957347880188
finite-mode-spin-boson-dephasing,-,spin_boson_14,80,0.006249999999999999,0.13275957347880188
finite-mode-spin-boson-dephasing,+i,spin_boson_14,80,0.006249999999999999,0.13275957347880188
finite-mode-spin-boson-dephasing,-i,spin_boson_14,80,0.006249999999999999,0.13275957347880188
finite-mode-spin-boson-dephasing,cube_mmm,spin_boson_14,80,0.005103103630798289,0.10839773783086497
finite-mode-spin-boson-dephasing,cube_mmp,spin_boson_14,80,0.005103103630798289,0.10839773783086497
finite-mode-spin-boson-dephasing,cube_mpm,spin_boson_14,80,0.005103103630798289,0.10839773783086497
finite-mode-spin-boson-dephasing,cube_mpp,spin_boson_14,80,0.005103103630798289,0.10839773783086497
finite-mode-spin-boson-dephasing,cube_pmm,spin_boson_14,80,0.005103103630798289,0.10839773783086497
finite-mode-spin-boson-dephasing,cube_pmp,spin_boson_14,80,0.005103103630798289,0.10839773783086497
finite-mode-spin-boson-dephasing,cube_ppm,spin_boson_14,80,0.005103103630798289,0.10839773783086497
finite-mode-spin-boson-dephasing,cube_ppp,spin_boson_14,80,0.005103103630798289,0.10839773783086497
finite-mode-spin-boson-dephasing,0,spin_boson_15,80,8.326672684688674e-18,1.1102230246251565e-16
finite-mode-spin-boson-dephasing,1,spin_boson_15,80,8.326672684688674e-18,1.1102230246251565e-16
finite-mode-spin-boson-dephasing,+,spin_boson_15,80,0.006249999999999999,0.1843073813066773
finite-mode-spin-boson-dephasing,-,spin_boson_15,80,0.006249999999999999,0.1843073813066773
finite-mode-spin-boson-dephasing,+i,spin_boson_15,80,0.006249999999999999,0.1843073813066773
finite-mode-spin-boson-dephasing,-i,spin_boson_15,80,0.006249999999999999,0.1843073813066773
finite-mode-spin-boson-dephasing,cube_mmm,spin_boson_15,80,0.005103103630798289,0.15048634667664484
finite-mode-spin-boson-dephasing,cube_mmp,spin_boson_15,80,0.005103103630798289,0.15048634667664484
finite-mode-spin-boson-dephasing,cube_mpm,spin_boson_15,80,0.005103103630798289,0.15048634667664484
finite-mode-spin-boson-dephasing,cube_mpp,spin_boson_15,80,0.005103103630798289,0.15048634667664484
finite-mode-spin-boson-dephasing,cube_pmm,spin_boson_15,80,0.005103103630798289,0.15048634667664484
finite-mode-spin-boson-dephasing,cube_pmp,spin_boson_15,80,0.005103103630798289,0.15048634667664484
finite-mode-spin-boson-dephasing,cube_ppm,spin_boson_15,80,0.005103103630798289,0.15048634667664484
finite-mode-spin-boson-dephasing,cube_ppp,spin_boson_15,80,0.005103103630798289,0.15048634667664484
