agent_a,agent_b,probe_id,conditions,collision_condition_fraction,mean_min_trace_distance,max_trace_distance
coherent-longitudinal-detuning,finite-mode-spin-boson-dephasing,+,81,0.037037037037037035,0.4194127200218763,0.9999999999999998
coherent-longitudinal-detuning,finite-mode-spin-boson-dephasing,+i,81,0.037037037037037035,0.4194127200218763,0.9999999999999998
coherent-longitudinal-detuning,finite-mode-spin-boson-dephasing,-,81,0.037037037037037035,0.4194127200218763,0.9999999999999998
coherent-longitudinal-detuning,finite-mode-spin-boson-dephasing,-i,81,0.037037037037037035,0.4194127200218763,0.9999999999999998
coherent-longitudinal-detuning,finite-mode-spin-boson-dephasing,0,81,1.0,0.0,2.220446049250313e-16
coherent-longitudinal-detuning,finite-mode-spin-boson-dephasing,1,81,1.0,0.0,2.220446049250313e-16
coherent-longitudinal-detuning,finite-mode-spin-boson-dephasing,cube_mmm,81,0.037037037037037035,0.34244905189545977,0.8164965809277261
coherent-longitudinal-detuning,finite-mode-spin-boson-dephasing,cube_mmp,81,0.037037037037037035,0.34244905189545977,0.8164965809277261
coherent-longitudinal-detuning,finite-mode-spin-boson-dephasing,cube_mpm,81,0.037037037037037035,0.34244905189545977,0.8164965809277261
coherent-longitudinal-detuning,finite-mode-spin-boson-dephasing,cube_mpp,81,0.037037037037037035,0.34244905189545977,0.8164965809277261
coherent-longitudinal-detuning,finite-mode-spin-boson-dephasing,cube_pmm,81,0.037037037037037035,0.34244905189545977,0.8164965809277261
coherent-longitudinal-detuning,finite-mode-spin-boson-dephasing,cube_pmp,81,0.037037037037037035,0.34244905189545977,0.8164965809277261
coherent-longitudinal-detuning,finite-mode-spin-boson-dephasing,cube_ppm,81,0.037037037037037035,0.34244905189545977,0.8164965809277261
coherent-longitudinal-detuning,finite-mode-spin-boson-dephasing,cube_ppp,81,0.037037037037037035,0.34244905189545977,0.8164965809277261
coherent-longitudinal-detuning,finite-two-level-exchange-relaxation,+,81,0.06172839506172839,0.1388764086614954,1.0000000000000002
coherent-longitudinal-detuning,finite-two-level-exchange-relaxation,+i,81,0.06172839506172839,0.1388764086614954,1.0000000000000002
coherent-longitudinal-detuning,finite-two-level-exchange-relaxation,-,81,0.06172839506172839,0.1388764086614954,1.0000000000000002
coherent-longitudinal-detuning,finite-two-level-exchange-relaxation,-i,81,0.06172839506172839,0.1388764086614954,1.0000000000000002
coherent-longitudinal-detuning,finite-two-level-exchange-relaxation,0,81,1.0,0.0,1.1102230246251565e-16
coherent-longitudinal-detuning,finite-two-level-exchange-relaxation,1,81,0.06172839506172839,0.09295957776333941,1.0000000000000004
coherent-longitudinal-detuning,finite-two-level-exchange-relaxation,cube_mmm,81,0.06172839506172839,0.13100619760818585,0.9018797330269639
coherent-longitudinal-detuning,finite-two-level-exchange-relaxation,cube_mmp,81,0.06172839506172839,0.10801990057341776,0.8164965809277266
coherent-longitudinal-detuning,finite-two-level-exchange-relaxation,cube_mpm,81,0.06172839506172839,0.13100619760818583,0.9018797330269639
coherent-longitudinal-detuning,finite-two-level-exchange-relaxation,cube_mpp,81,0.06172839506172839,0.10801990057341776,0.8164965809277266
coherent-longitudinal-detuning,finite-two-level-exchange-relaxation,cube_pmm,81,0.06172839506172839,0.13100619760818583,0.9018797330269639
coherent-longitudinal-detuning,finite-two-level-exchange-relaxation,cube_pmp,81,0.06172839506172839,0.10801990057341776,0.8164965809277266
coherent-longitudinal-detuning,finite-two-level-exchange-relaxation,cube_ppm,81,0.06172839506172839,0.13100619760818585,0.9018797330269639
coherent-longitudinal-detuning,finite-two-level-exchange-relaxation,cube_ppp,81,0.06172839506172839,0.10801990057341776,0.8164965809277266
coherent-longitudinal-detuning,markovian-photon-reservoir-decay,+,81,0.012345679012345678,0.29711470906522586,0.9755717447075756
coherent-longitudinal-detuning,markovian-photon-reservoir-decay,+i,81,0.012345679012345678,0.29711470906522586,0.9755717447075755
coherent-longitudinal-detuning,markovian-photon-reservoir-decay,-,81,0.012345679012345678,0.29711470906522586,0.9755717447075756
coherent-longitudinal-detuning,markovian-photon-reservoir-decay,-i,81,0.012345679012345678,0.29711470906522586,0.9755717447075755
coherent-longitudinal-detuning,markovian-photon-reservoir-decay,0,81,1.0,0.0,1.1102230246251565e-16
coherent-longitudinal-detuning,markovian-photon-reservoir-decay,1,81,0.012345679012345678,0.25721987126133866,0.9999965126576438
coherent-longitudinal-detuning,markovian-photon-reservoir-decay,cube_mmm,81,0.012345679012345678,0.3056548534578361,0.9021261959633202
coherent-longitudinal-detuning,markovian-photon-reservoir-decay,cube_mmp,81,0.012345679012345678,0.2186945063503824,0.7958291477465287
coherent-longitudinal-detuning,markovian-photon-reservoir-decay,cube_mpm,81,0.012345679012345678,0.3056548534578361,0.9021261959633202
coherent-longitudinal-detuning,markovian-photon-reservoir-decay,cube_mpp,81,0.012345679012345678,0.2186945063503824,0.7958291477465287
coherent-longitudinal-detuning,markovian-photon-reservoir-decay,cube_pmm,81,0.012345679012345678,0.3056548534578361,0.9021261959633202
coherent-longitudinal-detuning,markovian-photon-reservoir-decay,cube_pmp,81,0.012345679012345678,0.2186945063503824,0.7958291477465287
coherent-longitudinal-detuning,markovian-photon-reservoir-decay,cube_ppm,81,0.012345679012345678,0.3056548534578361,0.9021261959633202
coherent-longitudinal-detuning,markovian-photon-reservoir-decay,cube_ppp,81,0.012345679012345678,0.2186945063503824,0.7958291477465287
finite-mode-spin-boson-dephasing,finite-two-level-exchange-relaxation,+,81,0.037037037037037035,0.3630036412719142,1.0
finite-mode-spin-boson-dephasing,finite-two-level-exchange-relaxation,+i,81,0.037037037037037035,0.3630036412719142,1.0
finite-mode-spin-boson-dephasing,finite-two-level-exchange-relaxation,-,81,0.037037037037037035,0.3630036412719142,1.0
finite-mode-spin-boson-dephasing,finite-two-level-exchange-relaxation,-i,81,0.037037037037037035,0.3630036412719142,1.0
finite-mode-spin-boson-dephasing,finite-two-level-exchange-relaxation,0,81,1.0,0.0,1.1102230246251565e-16
finite-mode-spin-boson-dephasing,finite-two-level-exchange-relaxation,1,81,0.06172839506172839,0.09295957776333938,1.0000000000000004
finite-mode-spin-boson-dephasing,finite-two-level-exchange-relaxation,cube_mmm,81,0.037037037037037035,0.33498535725991235,0.8880738339771156
finite-mode-spin-boson-dephasing,finite-two-level-exchange-relaxation,cube_mmp,81,0.037037037037037035,0.18994651568688742,0.8164965809277263
finite-mode-spin-boson-dephasing,finite-two-level-exchange-relaxation,cube_mpm,81,0.037037037037037035,0.33498535725991235,0.8880738339771156
finite-mode-spin-boson-dephasing,finite-two-level-exchange-relaxation,cube_mpp,81,0.037037037037037035,0.18994651568688742,0.8164965809277263
finite-mode-spin-boson-dephasing,finite-two-level-exchange-relaxation,cube_pmm,81,0.037037037037037035,0.33498535725991235,0.8880738339771156
finite-mode-spin-boson-dephasing,finite-two-level-exchange-relaxation,cube_pmp,81,0.037037037037037035,0.18994651568688742,0.8164965809277263
finite-mode-spin-boson-dephasing,finite-two-level-exchange-relaxation,cube_ppm,81,0.037037037037037035,0.33498535725991235,0.8880738339771156
finite-mode-spin-boson-dephasing,finite-two-level-exchange-relaxation,cube_ppp,81,0.037037037037037035,0.18994651568688742,0.8164965809277263
finite-mode-spin-boson-dephasing,markovian-photon-reservoir-decay,+,81,0.012345679012345678,0.3739590934975602,0.7064456148930328
finite-mode-spin-boson-dephasing,markovian-photon-reservoir-decay,+i,81,0.012345679012345678,0.3739590934975602,0.7064456148930328
finite-mode-spin-boson-dephasing,markovian-photon-reservoir-decay,-,81,0.012345679012345678,0.3739590934975602,0.7064456148930328
finite-mode-spin-boson-dephasing,markovian-photon-reservoir-decay,-i,81,0.012345679012345678,0.3739590934975602,0.7064456148930328
finite-mode-spin-boson-dephasing,markovian-photon-reservoir-decay,0,81,1.0,0.0,1.1102230246251565e-16
finite-mode-spin-boson-dephasing,markovian-photon-reservoir-decay,1,81,0.012345679012345678,0.25721987126133855,0.9999965126576438
finite-mode-spin-boson-dephasing,markovian-photon-reservoir-decay,cube_mmm,81,0.012345679012345678,0.3726852043907864,0.8877211817922227
finite-mode-spin-boson-dephasing,markovian-photon-reservoir-decay,cube_mmp,81,0.012345679012345678,0.19242981139063617,0.45902358789285513
finite-mode-spin-boson-dephasing,markovian-photon-reservoir-decay,cube_mpm,81,0.012345679012345678,0.3726852043907864,0.8877211817922227
finite-mode-spin-boson-dephasing,markovian-photon-reservoir-decay,cube_mpp,81,0.012345679012345678,0.19242981139063617,0.45902358789285513
finite-mode-spin-boson-dephasing,markovian-photon-reservoir-decay,cube_pmm,81,0.012345679012345678,0.3726852043907864,0.8877211817922227
finite-mode-spin-boson-dephasing,markovian-photon-reservoir-decay,cube_pmp,81,0.012345679012345678,0.19242981139063617,0.45902358789285513
finite-mode-spin-boson-dephasing,markovian-photon-reservoir-decay,cube_ppm,81,0.012345679012345678,0.3726852043907864,0.8877211817922227
finite-mode-spin-boson-dephasing,markovian-photon-reservoir-decay,cube_ppp,81,0.012345679012345678,0.19242981139063617,0.45902358789285513
finite-two-level-exchange-relaxation,markovian-photon-reservoir-decay,+,81,0.012345679012345678,0.0355524496246003,0.9746342881292774
finite-two-level-exchange-relaxation,markovian-photon-reservoir-decay,+i,81,0.012345679012345678,0.0355524496246003,0.9746342881292774
finite-two-level-exchange-relaxation,markovian-photon-reservoir-decay,-,81,0.012345679012345678,0.0355524496246003,0.9746342881292774
finite-two-level-exchange-relaxation,markovian-photon-reservoir-decay,-i,81,0.012345679012345678,0.0355524496246003,0.9746342881292774
finite-two-level-exchange-relaxation,markovian-photon-reservoir-decay,0,81,1.0,0.0,0.0
finite-two-level-exchange-relaxation,markovian-photon-reservoir-decay,1,81,0.012345679012345678,0.02867849872742131,0.9999965126576447
finite-two-level-exchange-relaxation,markovian-photon-reservoir-decay,cube_mmm,81,0.012345679012345678,0.044863041229399374,0.9014285137657971
finite-two-level-exchange-relaxation,markovian-photon-reservoir-decay,cube_mmp,81,0.012345679012345678,0.02148103011133007,0.7951518009768725
finite-two-level-exchange-relaxation,markovian-photon-reservoir-decay,cube_mpm,81,0.012345679012345678,0.044863041229399374,0.9014285137657971
finite-two-level-exchange-relaxation,markovian-photon-reservoir-decay,cube_mpp,81,0.012345679012345678,0.02148103011133007,0.7951518009768725
finite-two-level-exchange-relaxation,markovian-photon-reservoir-decay,cube_pmm,81,0.012345679012345678,0.044863041229399374,0.9014285137657971
finite-two-level-exchange-relaxation,markovian-photon-reservoir-decay,cube_pmp,81,0.012345679012345678,0.02148103011133007,0.7951518009768725
finite-two-level-exchange-relaxation,markovian-photon-reservoir-decay,cube_ppm,81,0.012345679012345678,0.044863041229399374,0.9014285137657971
finite-two-level-exchange-relaxation,markovian-photon-reservoir-decay,cube_ppp,81,0.012345679012345678,0.02148103011133007,0.7951518009768725
