agent_model_id,probe_id,parameter_point_id,time_s,delta_entropy,delta_purity,delta_coherence_l1,fidelity_to_input,trace_distance_to_input,entropy_after,purity_after,coherence_l1_after
coherent-longitudinal-detuning,+,coherent_rate_00,0.0,0.0,0.0,0.0,0.9999999999999987,0.0,3.203426503814917e-16,0.9999999999999996,0.9999999999999998
coherent-longitudinal-detuning,+,coherent_rate_00,0.15707963267948966,0.0,-2.220446049250313e-16,0.0,0.9996145181203603,0.019633692460628294,3.203426503814917e-16,0.9999999999999993,0.9999999999999998
coherent-longitudinal-detuning,+,coherent_rate_00,0.3141592653589793,0.0,-1.1102230246251565e-16,1.1102230246251565e-16,0.9984586668665628,0.0392598157590686,3.203426503814917e-16,0.9999999999999994,0.9999999999999999
coherent-longitudinal-detuning,+,coherent_rate_00,0.47123889803846897,0.0,2.220446049250313e-16,2.220446049250313e-16,0.9965342284774621,0.05887080365118902,3.203426503814917e-16,0.9999999999999998,1.0
coherent-longitudinal-detuning,+,coherent_rate_00,0.6283185307179586,0.0,0.0,-1.1102230246251565e-16,0.9938441702975676,0.07845909572784494,3.203426503814917e-16,0.9999999999999996,0.9999999999999997
coherent-longitudinal-detuning,+,coherent_rate_00,0.7853981633974483,-1.6017132519074586e-16,2.220446049250313e-16,1.1102230246251565e-16,0.990392640201614,0.09801714032956058,1.6017132519074586e-16,0.9999999999999998,0.9999999999999999
coherent-longitudinal-detuning,+,coherent_rate_00,0.9424777960769379,1.6017132519074578e-16,0.0,0.0,0.986184960198837,0.11753739745783763,4.805139755722375e-16,0.9999999999999996,0.9999999999999998
coherent-longitudinal-detuning,+,coherent_rate_00,1.0995574287564276,0.0,0.0,0.0,0.9812276182268226,0.137012341681968,3.203426503814917e-16,0.9999999999999996,0.9999999999999998
coherent-longitudinal-detuning,+,coherent_rate_00,1.2566370614359172,0.0,2.220446049250313e-16,0.0,0.9755282581475758,0.15643446504023084,3.203426503814917e-16,0.9999999999999998,0.9999999999999998
coherent-longitudinal-detuning,+,coherent_rate_00,1.413716694115407,1.6017132519074578e-16,-2.220446049250313e-16,-1.1102230246251565e-16,0.9690956679612407,0.17579627993435448,4.805139755722375e-16,0.9999999999999993,0.9999999999999997
coherent-longitudinal-detuning,+,coherent_rate_00,1.5707963267948966,0.0,0.0,0.0,0.961939766255642,0.1950903220161282,3.203426503814917e-16,0.9999999999999996,0.9999999999999998
coherent-longitudinal-detuning,+,coherent_rate_00,1.7278759594743862,1.6017132519074578e-16,-2.220446049250313e-16,-1.1102230246251565e-16,0.9540715869125392,0.21430915306505072,4.805139755722375e-16,0.9999999999999993,0.9999999999999997
coherent-longitudinal-detuning,+,coherent_rate_00,1.8849555921538759,1.6017132519074578e-16,-2.220446049250313e-16,-1.1102230246251565e-16,0.9455032620941828,0.23344536385590534,4.805139755722375e-16,0.9999999999999993,0.9999999999999997
coherent-longitudinal-detuning,+,coherent_rate_00,2.0420352248333655,1.6017132519074578e-16,-2.220446049250313e-16,-1.1102230246251565e-16,0.9362480035363975,0.2524915770151579,4.805139755722375e-16,0.9999999999999993,0.9999999999999997
coherent-longitudinal-detuning,+,coherent_rate_00,2.199114857512855,0.0,0.0,-1.1102230246251565e-16,0.926320082177045,0.2714404498650742,3.203426503814917e-16,0.9999999999999996,0.9999999999999997
coherent-longitudinal-detuning,+,coherent_rate_00,2.356194490192345,0.0,-1.1102230246251565e-16,0.0,0.9157348061512715,0.2902846772544623,3.203426503814917e-16,0.9999999999999994,0.9999999999999998
coherent-longitudinal-detuning,+,coherent_rate_00,2.5132741228718345,0.0,-1.1102230246251565e-16,-1.1102230246251565e-16,0.9045084971874726,0.3090169943749473,3.203426503814917e-16,0.9999999999999994,0.9999999999999997
coherent-longitudinal-detuning,+,coherent_rate_00,2.670353755551324,0.0,1.1102230246251565e-16,0.0,0.8926584654403713,0.32763017956169344,3.203426503814917e-16,0.9999999999999997,0.9999999999999998
coherent-longitudinal-detuning,+,coherent_rate_00,2.827433388230814,0.0,1.1102230246251565e-16,1.1102230246251565e-16,0.8802029828000143,0.3461170570774929,3.203426503814917e-16,0.9999999999999997,0.9999999999999999
coherent-longitudinal-detuning,+,coherent_rate_00,2.9845130209103035,0.0,0.0,-1.1102230246251565e-16,0.8671612547178418,0.3644704998791496,3.203426503814917e-16,0.9999999999999996,0.9999999999999997
coherent-longitudinal-detuning,+,coherent_rate_00,3.141592653589793,0.0,0.0,0.0,0.8535533905932725,0.38268343236508967,3.203426503814917e-16,0.9999999999999996,0.9999999999999998
coherent-longitudinal-detuning,+,coherent_rate_00,3.2986722862692828,0.0,2.220446049250313e-16,0.0,0.8394003727664697,0.40074883310314086,3.203426503814917e-16,0.9999999999999998,0.9999999999999998
coherent-longitudinal-detuning,+,coherent_rate_00,3.4557519189487724,3.203426503814917e-16,-2.220446049250313e-16,-1.1102230246251565e-16,0.8247240241650909,0.41865973753742797,6.406853007629834e-16,0.9999999999999993,0.9999999999999997
coherent-longitudinal-detuning,+,coherent_rate_00,3.612831551628262,-3.203426503814917e-16,2.220446049250313e-16,2.220446049250313e-16,0.8095469746549163,0.43640924067334197,-0.0,0.9999999999999998,1.0
coherent-longitudinal-detuning,+,coherent_rate_00,3.7699111843077517,0.0,1.1102230246251565e-16,1.1102230246251565e-16,0.7938926261462357,0.4539904997395467,3.203426503814917e-16,0.9999999999999997,0.9999999999999999
coherent-longitudinal-detuning,+,coherent_rate_00,3.9269908169872414,-1.6017132519074586e-16,0.0,0.0,0.7777851165098002,0.47139673682599753,1.6017132519074586e-16,0.9999999999999996,0.9999999999999998
coherent-longitudinal-detuning,+,coherent_rate_00,4.084070449666731,-3.203426503814917e-16,1.1102230246251565e-16,1.1102230246251565e-16,0.7612492823579736,0.48862124149695485,-0.0,0.9999999999999997,0.9999999999999999
coherent-longitudinal-detuning,+,coherent_rate_00,4.241150082346221,1.6017132519074578e-16,0.0,0.0,0.7443106207484768,0.5056573733779843,4.805139755722375e-16,0.9999999999999996,0.9999999999999998
coherent-longitudinal-detuning,+,coherent_rate_00,4.39822971502571,3.203426503814917e-16,-3.3306690738754696e-16,-1.1102230246251565e-16,0.7269952498697726,0.5224985647159487,6.406853007629834e-16,0.9999999999999992,0.9999999999999997
coherent-longitudinal-detuning,+,coherent_rate_00,4.5553093477052,1.6017132519074578e-16,-2.220446049250313e-16,-1.1102230246251565e-16,0.7093298687687133,0.5391383229110002,4.805139755722375e-16,0.9999999999999993,0.9999999999999997
coherent-longitudinal-detuning,+,coherent_rate_00,4.71238898038469,1.6017132519074578e-16,0.0,0.0,0.6913417161825441,0.5555702330196021,4.805139755722375e-16,0.9999999999999996,0.9999999999999998
coherent-longitudinal-detuning,+,coherent_rate_00,4.869468613064179,1.6017132519074578e-16,-2.220446049250313e-16,-1.1102230246251565e-16,0.6730585285387454,0.5717879602276121,4.805139755722375e-16,0.9999999999999993,0.9999999999999997
coherent-longitudinal-detuning,+,coherent_rate_00,5.026548245743669,0.0,1.1102230246251565e-16,0.0,0.6545084971874731,0.5877852522924731,3.203426503814917e-16,0.9999999999999997,0.9999999999999998
coherent-longitudinal-detuning,+,coherent_rate_00,5.183627878423159,0.0,0.0,0.0,0.635720224932536,0.6035559419535713,3.203426503814917e-16,0.9999999999999996,0.9999999999999998
coherent-longitudinal-detuning,+,coherent_rate_00,5.340707511102648,0.0,0.0,0.0,0.616722681927952,0.6190939493098337,3.203426503814917e-16,0.9999999999999996,0.9999999999999998
coherent-longitudinal-detuning,+,coherent_rate_00,5.497787143782138,0.0,0.0,0.0,0.5975451610080632,0.6343932841636453,3.203426503814917e-16,0.9999999999999996,0.9999999999999998
coherent-longitudinal-detuning,+,coherent_rate_00,5.654866776461628,0.0,0.0,-1.1102230246251565e-16,0.5782172325201146,0.6494480483301834,3.203426503814917e-16,0.9999999999999996,0.9999999999999997
coherent-longitudinal-detuning,+,coherent_rate_00,5.811946409141117,0.0,2.220446049250313e-16,2.220446049250313e-16,0.5587686987289182,0.6642524379112815,3.203426503814917e-16,0.9999999999999998,1.0
coherent-longitudinal-detuning,+,coherent_rate_00,5.969026041820607,0.0,0.0,1.1102230246251565e-16,0.5392295478639219,0.6788007455329416,3.203426503814917e-16,0.9999999999999996,0.9999999999999999
coherent-longitudinal-detuning,+,coherent_rate_00,6.126105674500097,-1.6017132519074586e-16,2.220446049250313e-16,1.1102230246251565e-16,0.5196299078795336,0.6930873625456357,1.6017132519074586e-16,0.9999999999999998,0.9999999999999999
coherent-longitudinal-detuning,+,coherent_rate_00,6.283185307179586,0.0,0.0,0.0,0.49999999999999944,0.7071067811865474,3.203426503814917e-16,0.9999999999999996,0.9999999999999998
coherent-longitudinal-detuning,+,coherent_rate_00,6.440264939859076,0.0,0.0,1.1102230246251565e-16,0.48037009212046505,0.7208535967029187,3.203426503814917e-16,0.9999999999999996,0.9999999999999999
coherent-longitudinal-detuning,+,coherent_rate_00,6.5973445725385655,-3.203426503814917e-16,3.3306690738754696e-16,2.220446049250313e-16,0.460770452136077,0.7343225094356853,-0.0,0.9999999999999999,1.0
coherent-longitudinal-detuning,+,coherent_rate_00,6.754424205218055,0.0,0.0,-1.1102230246251565e-16,0.4412313012710808,0.7475083268625966,3.203426503814917e-16,0.9999999999999996,0.9999999999999997
coherent-longitudinal-detuning,+,coherent_rate_00,6.911503837897545,0.0,0.0,0.0,0.42178276747988397,0.7604059656000307,3.203426503814917e-16,0.9999999999999996,0.9999999999999998
coherent-longitudinal-detuning,+,coherent_rate_00,7.0685834705770345,0.0,0.0,0.0,0.4024548389919354,0.7730104533627367,3.203426503814917e-16,0.9999999999999996,0.9999999999999998
coherent-longitudinal-detuning,+,coherent_rate_00,7.225663103256524,0.0,0.0,0.0,0.38327731807204685,0.7853169308807446,3.203426503814917e-16,0.9999999999999996,0.9999999999999998
coherent-longitudinal-detuning,+,coherent_rate_00,7.382742735936014,0.0,-2.220446049250313e-16,0.0,0.3642797750674625,0.7973206537727069,3.203426503814917e-16,0.9999999999999993,0.9999999999999998
coherent-longitudinal-detuning,+,coherent_rate_00,7.5398223686155035,-1.6017132519074586e-16,2.220446049250313e-16,0.0,0.3454915028125259,0.8090169943749473,1.6017132519074586e-16,0.9999999999999998,0.9999999999999998
coherent-longitudinal-detuning,+,coherent_rate_00,7.696902001294993,1.6017132519074578e-16,-2.220446049250313e-16,-1.1102230246251565e-16,0.32694147146125313,0.8204014435255133,4.805139755722375e-16,0.9999999999999993,0.9999999999999997
coherent-longitudinal-detuning,+,coherent_rate_00,7.853981633974483,0.0,0.0,-1.1102230246251565e-16,0.3086582838174548,0.831469612302545,3.203426503814917e-16,0.9999999999999996,0.9999999999999997
coherent-longitudinal-detuning,+,coherent_rate_00,8.011061266653972,3.203426503814917e-16,-2.220446049250313e-16,-2.220446049250313e-16,0.29067013123128577,0.8422172337162862,6.406853007629834e-16,0.9999999999999993,0.9999999999999996
coherent-longitudinal-detuning,+,coherent_rate_00,8.168140899333462,0.0,0.0,0.0,0.2730047501302263,0.852640164354092,3.203426503814917e-16,0.9999999999999996,0.9999999999999998
coherent-longitudinal-detuning,+,coherent_rate_00,8.325220532012953,1.6017132519074578e-16,0.0,0.0,0.25568937925152213,0.8627343859777915,4.805139755722375e-16,0.9999999999999996,0.9999999999999998
coherent-longitudinal-detuning,+,coherent_rate_00,8.482300164692441,1.6017132519074578e-16,-2.220446049250313e-16,-1.1102230246251565e-16,0.23875071764202527,0.8724960070727967,4.805139755722375e-16,0.9999999999999993,0.9999999999999997
coherent-longitudinal-detuning,+,coherent_rate_00,8.63937979737193,0.0,0.0,-1.1102230246251565e-16,0.22221488349019883,0.8819212643483548,3.203426503814917e-16,0.9999999999999996,0.9999999999999997
coherent-longitudinal-detuning,+,coherent_rate_00,8.79645943005142,1.6017132519074578e-16,-2.220446049250313e-16,-1.1102230246251565e-16,0.20610737385376318,0.8910065241883675,4.805139755722375e-16,0.9999999999999993,0.9999999999999997
coherent-longitudinal-detuning,+,coherent_rate_00,8.953539062730911,0.0,0.0,1.1102230246251565e-16,0.1904530253450827,0.8997482840522213,3.203426503814917e-16,0.9999999999999996,0.9999999999999999
coherent-longitudinal-detuning,+,coherent_rate_00,9.1106186954104,1.6017132519074578e-16,-1.1102230246251565e-16,-1.1102230246251565e-16,0.17527597583490803,0.9081431738250809,4.805139755722375e-16,0.9999999999999994,0.9999999999999997
coherent-longitudinal-detuning,+,coherent_rate_00,9.267698328089889,-1.6017132519074586e-16,0.0,0.0,0.16059962723352897,0.9161879571171356,1.6017132519074586e-16,0.9999999999999996,0.9999999999999998
coherent-longitudinal-detuning,+,coherent_rate_00,9.42477796076938,0.0,0.0,0.0,0.14644660940672613,0.9238795325112865,3.203426503814917e-16,0.9999999999999996,0.9999999999999998
coherent-longitudinal-detuning,+,coherent_rate_00,9.58185759344887,1.6017132519074578e-16,-1.1102230246251565e-16,-1.1102230246251565e-16,0.13283874528215697,0.9312149347588035,4.805139755722375e-16,0.9999999999999994,0.9999999999999997
coherent-longitudinal-detuning,+,coherent_rate_00,9.738937226128359,0.0,1.1102230246251565e-16,-1.1102230246251565e-16,0.11979701719998448,0.9381913359224839,3.203426503814917e-16,0.9999999999999997,0.9999999999999997
coherent-longitudinal-detuning,+,coherent_rate_00,9.896016858807847,0.0,-1.1102230246251565e-16,0.0,0.10734153455962744,0.9448060464668778,3.203426503814917e-16,0.9999999999999994,0.9999999999999998
coherent-longitudinal-detuning,+,coherent_rate_00,10.053096491487338,1.6017132519074578e-16,-2.220446049250313e-16,-1.1102230246251565e-16,0.09549150281252616,0.9510565162951533,4.805139755722375e-16,0.9999999999999993,0.9999999999999997
coherent-longitudinal-detuning,+,coherent_rate_00,10.210176124166829,-3.203426503814917e-16,2.220446049250313e-16,2.220446049250313e-16,0.08426519384872723,0.9569403357322086,-0.0,0.9999999999999998,1.0
coherent-longitudinal-detuning,+,coherent_rate_00,10.367255756846317,0.0,0.0,-1.1102230246251565e-16,0.07367991782295383,0.9624552364536471,3.203426503814917e-16,0.9999999999999996,0.9999999999999997
coherent-longitudinal-detuning,+,coherent_rate_00,10.524335389525806,0.0,0.0,-1.1102230246251565e-16,0.06375199646360147,0.9675990923602595,3.203426503814917e-16,0.9999999999999996,0.9999999999999997
coherent-longitudinal-detuning,+,coherent_rate_00,10.681415022205297,0.0,0.0,1.1102230246251565e-16,0.054496737905816044,0.9723699203976764,3.203426503814917e-16,0.9999999999999996,0.9999999999999999
coherent-longitudinal-detuning,+,coherent_rate_00,10.838494654884787,-1.6017132519074586e-16,2.220446049250313e-16,1.1102230246251565e-16,0.04592841308745929,0.9767658813208724,1.6017132519074586e-16,0.9999999999999998,0.9999999999999999
coherent-longitudinal-detuning,+,coherent_rate_00,10.995574287564276,-1.6017132519074586e-16,0.0,0.0,0.03806023374435659,0.9807852804032302,1.6017132519074586e-16,0.9999999999999996,0.9999999999999998
coherent-longitudinal-detuning,+,coherent_rate_00,11.152653920243765,0.0,0.0,-1.1102230246251565e-16,0.030904332038757955,0.9844265680898914,3.203426503814917e-16,0.9999999999999996,0.9999999999999997
coherent-longitudinal-detuning,+,coherent_rate_00,11.309733552923255,0.0,1.1102230246251565e-16,0.0,0.02447174185242316,0.9876883405951374,3.203426503814917e-16,0.9999999999999997,0.9999999999999998
coherent-longitudinal-detuning,+,coherent_rate_00,11.466813185602746,-3.203426503814917e-16,1.1102230246251565e-16,1.1102230246251565e-16,0.01877238177317629,0.9905693404435771,-0.0,0.9999999999999997,0.9999999999999999
coherent-longitudinal-detuning,+,coherent_rate_00,11.623892818282235,0.0,0.0,0.0,0.013815039801161713,0.9930684569549262,3.203426503814917e-16,0.9999999999999996,0.9999999999999998
coherent-longitudinal-detuning,+,coherent_rate_00,11.780972450961723,0.0,-2.220446049250313e-16,-1.1102230246251565e-16,0.009607359798384776,0.9951847266721966,3.203426503814917e-16,0.9999999999999993,0.9999999999999997
coherent-longitudinal-detuning,+,coherent_rate_00,11.938052083641214,0.0,0.0,2.220446049250313e-16,0.0061558297024311105,0.9969173337331279,3.203426503814917e-16,0.9999999999999996,1.0
coherent-longitudinal-detuning,+,coherent_rate_00,12.095131716320704,0.0,1.1102230246251565e-16,0.0,0.003465771522536795,0.9982656101847157,3.203426503814917e-16,0.9999999999999997,0.9999999999999998
coherent-longitudinal-detuning,+,coherent_rate_00,12.252211349000193,0.0,-1.1102230246251565e-16,1.1102230246251565e-16,0.0015413331334359613,0.9992290362407228,3.203426503814917e-16,0.9999999999999994,0.9999999999999999
coherent-longitudinal-detuning,+,coherent_rate_00,12.409290981679682,0.0,-2.220446049250313e-16,0.0,0.00038548187963849374,0.9998072404820646,3.203426503814917e-16,0.9999999999999993,0.9999999999999998
coherent-longitudinal-detuning,+,coherent_rate_00,12.566370614359172,0.0,0.0,0.0,0.0,0.9999999999999998,3.203426503814917e-16,0.9999999999999996,0.9999999999999998
finite-mode-spin-boson-dephasing,+,spin_boson_00,0.0,0.0,0.0,0.0,0.9999999999999987,0.0,3.203426503814917e-16,0.9999999999999996,0.9999999999999998
finite-mode-spin-boson-dephasing,+,spin_boson_00,0.15707963267948966,0.18759281496796706,-0.05566465627944461,-0.057306684312914635,0.9713466578435414,0.028653342156457318,0.1875928149679674,0.9443353437205549,0.9426933156870851
finite-mode-spin-boson-dephasing,+,spin_boson_00,0.3141592653589793,0.4838827648299099,-0.18755915513057797,-0.20950541447847737,0.8952472927607601,0.10475270723923868,0.4838827648299102,0.8124408448694216,0.7904945855215224
finite-mode-spin-boson-dephasing,+,spin_boson_00,0.47123889803846897,0.7305163407030666,-0.32516593234487223,-0.4086725650620838,0.795663717468957,0.2043362825310419,0.7305163407030669,0.6748340676551273,0.591327434937916
finite-mode-spin-boson-dephasing,+,spin_boson_00,0.6283185307179586,0.8834438802288754,-0.42140979699142955,-0.6035401583802708,0.6982299208098638,0.3017700791901354,0.8834438802288758,0.57859020300857,0.396459841619729
finite-mode-spin-boson-dephasing,+,spin_boson_00,0.7853981633974483,0.9581204700559958,-0.4712533163335041,-0.7602222542999635,0.6198888728500175,0.38011112714998174,0.9581204700559961,0.5287466836664955,0.2397777457000363
finite-mode-spin-boson-dephasing,+,spin_boson_00,0.9424777960769379,0.9874192109679175,-0.49130503928061153,-0.8681291486386155,0.5659354256806914,0.4340645743193077,0.9874192109679178,0.508694960719388,0.13187085136138432
finite-mode-spin-boson-dephasing,+,spin_boson_00,1.0995574287564276,0.9968001519701173,-0.49778367463596773,-0.9334218449635037,0.5332890775182476,0.46671092248175183,0.9968001519701176,0.5022163253640318,0.06657815503649617
finite-mode-spin-boson-dephasing,+,spin_boson_00,1.2566370614359172,0.9992981837711671,-0.4995136169465707,-0.9688108014393136,0.5155945992803425,0.4844054007196568,0.9992981837711674,0.5004863830534289,0.031189198560686138
finite-mode-spin-boson-dephasing,+,spin_boson_00,1.413716694115407,0.9998642764934382,-0.4999059265842488,-0.9862833374503124,0.5068583312748429,0.4931416687251562,0.9998642764934386,0.5000940734157507,0.013716662549687342
finite-mode-spin-boson-dephasing,+,spin_boson_00,1.5707963267948966,0.9999762808582574,-0.4999835592338766,-0.9942657579187517,0.5028671210406234,0.49713287895937586,0.9999762808582577,0.500016440766123,0.005734242081248064
finite-mode-spin-boson-dephasing,+,spin_boson_00,1.7278759594743862,0.9999961560694869,-0.4999973355927686,-0.9976915774949242,0.501154211252537,0.4988457887474621,0.9999961560694872,0.500002664407231,0.002308422505075569
finite-mode-spin-boson-dephasing,+,spin_boson_00,1.8849555921538759,0.9999994068889683,-0.49999958888681695,-0.9990932330146398,0.5004533834926792,0.4995466165073199,0.9999994068889686,0.5000004111131826,0.0009067669853599636
finite-mode-spin-boson-dephasing,+,spin_boson_00,2.0420352248333655,0.9999999105444918,-0.49999993799416775,-0.9996478471014048,0.5001760764492966,0.4998239235507024,0.9999999105444921,0.5000000620058318,0.0003521528985950262
finite-mode-spin-boson-dephasing,+,spin_boson_00,2.199114857512855,0.9999999864681471,-0.4999999906204343,-0.9998630360235317,0.5000684819882334,0.49993151801176583,0.9999999864681475,0.5000000093795652,0.00013696397646817404
finite-mode-spin-boson-dephasing,+,spin_boson_00,2.356194490192345,0.9999999978958499,-0.49999999854151433,-0.9999459910106163,0.5000270044946911,0.49997299550530816,0.9999999978958503,0.5000000014584852,5.400898938351384e-05
finite-mode-spin-boson-dephasing,+,spin_boson_00,2.5132741228718345,0.9999999996558303,-0.4999999997614397,-0.9999781569207731,0.5000109215396125,0.49998907846038654,0.9999999996558306,0.5000000002385598,2.1843079226702145e-05
finite-mode-spin-boson-dephasing,+,spin_boson_00,2.670353755551324,0.9999999999395239,-0.4999999999580811,-0.9999908437208627,0.500004578139568,0.49999542186043133,0.9999999999395243,0.5000000000419185,9.156279137167989e-06
finite-mode-spin-boson-dephasing,+,spin_boson_00,2.827433388230814,0.9999999999883687,-0.4999999999919378,-0.9999959845381101,0.5000020077309444,0.49999799226905506,0.9999999999883691,0.5000000000080618,4.01546188971702e-06
finite-mode-spin-boson-dephasing,+,spin_boson_00,2.9845130209103035,0.9999999999975119,-0.49999999999827527,-0.9999981429032899,0.5000009285483542,0.49999907145164496,0.9999999999975122,0.5000000000017243,1.857096709856343e-06
finite-mode-spin-boson-dephasing,+,spin_boson_00,3.141592653589793,0.9999999999994001,-0.499999999999584,-0.999999088299953,0.500000455850023,0.4999995441499765,0.9999999999994005,0.5000000000004156,9.117000468461534e-07
finite-mode-spin-boson-dephasing,+,spin_boson_00,3.2986722862692828,0.9999999999998354,-0.49999999999988554,-0.9999995225234661,0.5000002387382663,0.49999976126173307,0.9999999999998357,0.500000000000114,4.774765336446052e-07
finite-mode-spin-boson-dephasing,+,spin_boson_00,3.4557519189487724,0.9999999999999482,-0.4999999999999638,-0.9999997323252819,0.5000001338373583,0.49999986616264097,0.9999999999999485,0.5000000000000357,2.6767471783539776e-07
finite-mode-spin-boson-dephasing,+,spin_boson_00,3.612831551628262,0.9999999999999812,-0.4999999999999867,-0.999999839085039,0.5000000804574798,0.4999999195425195,0.9999999999999816,0.5000000000000129,1.6091496080061773e-07
finite-mode-spin-boson-dephasing,+,spin_boson_00,3.7699111843077517,0.999999999999992,-0.49999999999999445,-0.9999998962429226,0.5000000518785378,0.4999999481214613,0.9999999999999923,0.5000000000000051,1.0375707715226667e-07
finite-mode-spin-boson-dephasing,+,spin_boson_00,3.9269908169872414,0.9999999999999961,-0.4999999999999972,-0.9999999283328254,0.5000000358335864,0.4999999641664127,0.9999999999999964,0.5000000000000023,7.166717436168923e-08
finite-mode-spin-boson-dephasing,+,spin_boson_00,4.084070449666731,0.9999999999999979,-0.4999999999999982,-0.9999999471129296,0.5000000264435345,0.4999999735564648,0.9999999999999982,0.5000000000000013,5.288707016770644e-08
finite-mode-spin-boson-dephasing,+,spin_boson_00,4.241150082346221,0.9999999999999986,-0.4999999999999989,-0.99999995846567,0.5000000207671642,0.499999979232835,0.9999999999999989,0.5000000000000007,4.1534329697778816e-08
finite-mode-spin-boson-dephasing,+,spin_boson_00,4.39822971502571,0.999999999999999,-0.4999999999999992,-0.9999999654598792,0.5000000172700595,0.4999999827299396,0.9999999999999993,0.5000000000000003,3.4540120541493025e-08
finite-mode-spin-boson-dephasing,+,spin_boson_00,4.5553093477052,0.999999999999999,-0.4999999999999992,-0.9999999697628169,0.5000000151185908,0.49999998488140845,0.9999999999999993,0.5000000000000003,3.023718286865318e-08
finite-mode-spin-boson-dephasing,+,spin_boson_00,4.71238898038469,0.9999999999999992,-0.49999999999999933,-0.9999999723175929,0.5000000138412029,0.49999998615879643,0.9999999999999996,0.5000000000000002,2.7682406922302505e-08
finite-mode-spin-boson-dephasing,+,spin_boson_00,4.869468613064179,0.9999999999999992,-0.49999999999999944,-0.9999999736818916,0.5000000131590534,0.4999999868409458,0.9999999999999996,0.5000000000000001,2.6318108081735403e-08
finite-mode-spin-boson-dephasing,+,spin_boson_00,5.026548245743669,0.9999999999999992,-0.49999999999999933,-0.9999999742049733,0.5000000128975126,0.49999998710248666,0.9999999999999996,0.5000000000000002,2.579502644817211e-08
finite-mode-spin-boson-dephasing,+,spin_boson_00,5.183627878423159,0.9999999999999992,-0.49999999999999933,-0.9999999741244546,0.500000012937772,0.4999999870622273,0.9999999999999996,0.5000000000000002,2.5875545150988444e-08
finite-mode-spin-boson-dephasing,+,spin_boson_00,5.340707511102648,0.9999999999999992,-0.49999999999999944,-0.999999973621198,0.5000000131894,0.499999986810599,0.9999999999999996,0.5000000000000001,2.6378801809556762e-08
finite-mode-spin-boson-dephasing,+,spin_boson_00,5.497787143782138,0.9999999999999992,-0.49999999999999944,-0.9999999728503308,0.5000000135748337,0.4999999864251654,0.9999999999999996,0.5000000000000001,2.714966890193793e-08
finite-mode-spin-boson-dephasing,+,spin_boson_00,5.654866776461628,0.9999999999999992,-0.4999999999999992,-0.9999999719567109,0.5000000140216438,0.49999998597835543,0.9999999999999996,0.5000000000000003,2.80432889132598e-08
finite-mode-spin-boson-dephasing,+,spin_boson_00,5.811946409141117,0.9999999999999992,-0.49999999999999933,-0.9999999710788028,0.5000000144605976,0.4999999855394014,0.9999999999999996,0.5000000000000002,2.8921196937314875e-08
finite-mode-spin-boson-dephasing,+,spin_boson_00,5.969026041820607,0.9999999999999991,-0.4999999999999992,-0.9999999703436305,0.500000014828184,0.49999998517181526,0.9999999999999994,0.5000000000000003,2.9656369249231318e-08
finite-mode-spin-boson-dephasing,+,spin_boson_00,6.126105674500097,0.999999999999999,-0.4999999999999992,-0.9999999698558694,0.5000000150720646,0.4999999849279347,0.9999999999999993,0.5000000000000003,3.014413041402264e-08
finite-mode-spin-boson-dephasing,+,spin_boson_00,6.283185307179586,0.999999999999999,-0.49999999999999933,-0.9999999696851245,0.500000015157437,0.49999998484256225,0.9999999999999993,0.5000000000000002,3.0314875276715725e-08
finite-mode-spin-boson-dephasing,+,spin_boson_00,6.440264939859076,0.999999999999999,-0.4999999999999992,-0.9999999698558694,0.5000000150720646,0.4999999849279347,0.9999999999999993,0.5000000000000003,3.014413041402264e-08
finite-mode-spin-boson-dephasing,+,spin_boson_00,6.5973445725385655,0.9999999999999991,-0.4999999999999992,-0.9999999703436305,0.500000014828184,0.49999998517181526,0.9999999999999994,0.5000000000000003,2.9656369249231318e-08
finite-mode-spin-boson-dephasing,+,spin_boson_00,6.754424205218055,0.9999999999999992,-0.49999999999999933,-0.9999999710788028,0.5000000144605976,0.4999999855394014,0.9999999999999996,0.5000000000000002,2.8921196937314875e-08
finite-mode-spin-boson-dephasing,+,spin_boson_00,6.911503837897545,0.9999999999999992,-0.4999999999999992,-0.9999999719567109,0.5000000140216438,0.49999998597835543,0.9999999999999996,0.5000000000000003,2.80432889132598e-08
finite-mode-spin-boson-dephasing,+,spin_boson_00,7.0685834705770345,0.9999999999999992,-0.49999999999999944,-0.9999999728503308,0.5000000135748337,0.4999999864251654,0.9999999999999996,0.5000000000000001,2.714966890193793e-08
finite-mode-spin-boson-dephasing,+,spin_boson_00,7.225663103256524,0.9999999999999992,-0.49999999999999944,-0.999999973621198,0.5000000131894,0.499999986810599,0.9999999999999996,0.5000000000000001,2.6378801809556762e-08
finite-mode-spin-boson-dephasing,+,spin_boson_00,7.382742735936014,0.9999999999999992,-0.49999999999999933,-0.9999999741244546,0.500000012937772,0.4999999870622273,0.9999999999999996,0.5000000000000002,2.5875545150988444e-08
finite-mode-spin-boson-dephasing,+,spin_boson_00,7.5398223686155035,0.9999999999999992,-0.49999999999999933,-0.9999999742049733,0.5000000128975126,0.49999998710248666,0.9999999999999996,0.5000000000000002,2.579502644817211e-08
finite-mode-spin-boson-dephasing,+,spin_boson_00,7.696902001294993,0.9999999999999992,-0.49999999999999944,-0.9999999736818916,0.5000000131590534,0.4999999868409458,0.9999999999999996,0.5000000000000001,2.6318108081735403e-08
finite-mode-spin-boson-dephasing,+,spin_boson_00,7.853981633974483,0.9999999999999992,-0.49999999999999933,-0.9999999723175929,0.5000000138412029,0.49999998615879643,0.9999999999999996,0.5000000000000002,2.7682406922302505e-08
finite-mode-spin-boson-dephasing,+,spin_boson_00,8.011061266653972,0.999999999999999,-0.4999999999999992,-0.9999999697628169,0.5000000151185908,0.49999998488140845,0.9999999999999993,0.5000000000000003,3.023718286865318e-08
finite-mode-spin-boson-dephasing,+,spin_boson_00,8.168140899333462,0.999999999999999,-0.4999999999999992,-0.9999999654598792,0.5000000172700595,0.4999999827299396,0.9999999999999993,0.5000000000000003,3.4540120541493025e-08
finite-mode-spin-boson-dephasing,+,spin_boson_00,8.325220532012953,0.9999999999999986,-0.4999999999999989,-0.99999995846567,0.5000000207671642,0.499999979232835,0.9999999999999989,0.5000000000000007,4.1534329697778816e-08
finite-mode-spin-boson-dephasing,+,spin_boson_00,8.482300164692441,0.9999999999999979,-0.4999999999999982,-0.9999999471129296,0.5000000264435345,0.4999999735564648,0.9999999999999982,0.5000000000000013,5.288707016770644e-08
finite-mode-spin-boson-dephasing,+,spin_boson_00,8.63937979737193,0.9999999999999961,-0.4999999999999972,-0.9999999283328254,0.5000000358335864,0.4999999641664127,0.9999999999999964,0.5000000000000023,7.166717436168923e-08
finite-mode-spin-boson-dephasing,+,spin_boson_00,8.79645943005142,0.999999999999992,-0.49999999999999445,-0.9999998962429226,0.5000000518785378,0.4999999481214613,0.9999999999999923,0.5000000000000051,1.0375707715226667e-07
finite-mode-spin-boson-dephasing,+,spin_boson_00,8.953539062730911,0.9999999999999812,-0.4999999999999867,-0.999999839085039,0.5000000804574798,0.4999999195425195,0.9999999999999816,0.5000000000000129,1.6091496080061773e-07
finite-mode-spin-boson-dephasing,+,spin_boson_00,9.1106186954104,0.9999999999999482,-0.4999999999999638,-0.9999997323252819,0.5000001338373583,0.49999986616264097,0.9999999999999485,0.5000000000000357,2.6767471783539776e-07
finite-mode-spin-boson-dephasing,+,spin_boson_00,9.267698328089889,0.9999999999998354,-0.49999999999988554,-0.9999995225234661,0.5000002387382663,0.49999976126173307,0.9999999999998357,0.500000000000114,4.774765336446052e-07
finite-mode-spin-boson-dephasing,+,spin_boson_00,9.42477796076938,0.9999999999994001,-0.499999999999584,-0.999999088299953,0.500000455850023,0.4999995441499765,0.9999999999994005,0.5000000000004156,9.117000468461534e-07
finite-mode-spin-boson-dephasing,+,spin_boson_00,9.58185759344887,0.9999999999975119,-0.49999999999827527,-0.9999981429032899,0.5000009285483542,0.49999907145164496,0.9999999999975122,0.5000000000017243,1.857096709856343e-06
finite-mode-spin-boson-dephasing,+,spin_boson_00,9.738937226128359,0.9999999999883687,-0.4999999999919378,-0.9999959845381101,0.5000020077309444,0.49999799226905506,0.9999999999883691,0.5000000000080618,4.01546188971702e-06
finite-mode-spin-boson-dephasing,+,spin_boson_00,9.896016858807847,0.9999999999395239,-0.4999999999580811,-0.9999908437208627,0.500004578139568,0.49999542186043133,0.9999999999395243,0.5000000000419185,9.156279137167989e-06
finite-mode-spin-boson-dephasing,+,spin_boson_00,10.053096491487338,0.9999999996558303,-0.4999999997614397,-0.9999781569207731,0.5000109215396125,0.49998907846038654,0.9999999996558306,0.5000000002385598,2.1843079226702145e-05
finite-mode-spin-boson-dephasing,+,spin_boson_00,10.210176124166829,0.9999999978958499,-0.49999999854151433,-0.9999459910106163,0.5000270044946911,0.49997299550530816,0.9999999978958503,0.5000000014584852,5.400898938351384e-05
finite-mode-spin-boson-dephasing,+,spin_boson_00,10.367255756846317,0.9999999864681471,-0.4999999906204343,-0.9998630360235317,0.5000684819882334,0.49993151801176583,0.9999999864681475,0.5000000093795652,0.00013696397646817404
finite-mode-spin-boson-dephasing,+,spin_boson_00,10.524335389525806,0.9999999105444918,-0.49999993799416775,-0.9996478471014048,0.5001760764492966,0.4998239235507024,0.9999999105444921,0.5000000620058318,0.0003521528985950262
finite-mode-spin-boson-dephasing,+,spin_boson_00,10.681415022205297,0.9999994068889683,-0.49999958888681695,-0.9990932330146398,0.5004533834926792,0.4995466165073199,0.9999994068889686,0.5000004111131826,0.0009067669853599636
finite-mode-spin-boson-dephasing,+,spin_boson_00,10.838494654884787,0.9999961560694869,-0.4999973355927686,-0.9976915774949242,0.501154211252537,0.4988457887474621,0.9999961560694872,0.500002664407231,0.002308422505075569
finite-mode-spin-boson-dephasing,+,spin_boson_00,10.995574287564276,0.9999762808582574,-0.4999835592338766,-0.9942657579187517,0.5028671210406234,0.49713287895937586,0.9999762808582577,0.500016440766123,0.005734242081248064
finite-mode-spin-boson-dephasing,+,spin_boson_00,11.152653920243765,0.9998642764934381,-0.4999059265842488,-0.9862833374503126,0.5068583312748429,0.4931416687251563,0.9998642764934385,0.5000940734157507,0.01371666254968723
finite-mode-spin-boson-dephasing,+,spin_boson_00,11.309733552923255,0.9992981837711671,-0.4995136169465707,-0.9688108014393136,0.5155945992803425,0.4844054007196568,0.9992981837711674,0.5004863830534289,0.031189198560686138
finite-mode-spin-boson-dephasing,+,spin_boson_00,11.466813185602746,0.9968001519701173,-0.49778367463596773,-0.9334218449635037,0.5332890775182476,0.46671092248175183,0.9968001519701176,0.5022163253640318,0.06657815503649617
finite-mode-spin-boson-dephasing,+,spin_boson_00,11.623892818282235,0.9874192109679176,-0.49130503928061176,-0.8681291486386157,0.5659354256806912,0.43406457431930784,0.987419210967918,0.5086949607193878,0.1318708513613841
finite-mode-spin-boson-dephasing,+,spin_boson_00,11.780972450961723,0.9581204700559961,-0.47125331633350453,-0.7602222542999645,0.6198888728500168,0.38011112714998224,0.9581204700559964,0.528746683666495,0.2397777457000353
finite-mode-spin-boson-dephasing,+,spin_boson_00,11.938052083641214,0.8834438802288757,-0.42140979699142966,-0.6035401583802713,0.6982299208098636,0.30177007919013565,0.883443880228876,0.5785902030085699,0.3964598416197285
finite-mode-spin-boson-dephasing,+,spin_boson_00,12.095131716320704,0.7305163407030658,-0.3251659323448717,-0.40867256506208305,0.7956637174689576,0.20433628253104152,0.7305163407030661,0.6748340676551279,0.5913274349379167
finite-mode-spin-boson-dephasing,+,spin_boson_00,12.252211349000193,0.48388276482991105,-0.18755915513057853,-0.20950541447847815,0.8952472927607601,0.10475270723923907,0.4838827648299114,0.812440844869421,0.7904945855215216
finite-mode-spin-boson-dephasing,+,spin_boson_00,12.409290981679682,0.18759281496796817,-0.055664656279444946,-0.05730668431291508,0.9713466578435411,0.02865334215645754,0.1875928149679685,0.9443353437205546,0.9426933156870847
finite-mode-spin-boson-dephasing,+,spin_boson_00,12.566370614359172,0.0,0.0,0.0,0.9999999999999987,0.0,3.203426503814917e-16,0.9999999999999996,0.9999999999999998
finite-two-level-exchange-relaxation,+,exchange_rate_00,0.0,0.0,0.0,0.0,0.9999999999999987,0.0,3.203426503814917e-16,0.9999999999999996,0.9999999999999998
finite-two-level-exchange-relaxation,+,exchange_rate_00,0.15707963267948966,0.004921053328333587,-0.0007694787128039726,-0.000770963759277099,0.9996145181203603,0.0008616978801103045,0.004921053328333907,0.9992305212871956,0.9992290362407227
finite-two-level-exchange-relaxation,+,exchange_rate_00,0.3141592653589793,0.016531692933429206,-0.0030589677315528974,-0.003082666266872036,0.9984586668665628,0.003442276522820469,0.016531692933429525,0.9969410322684467,0.9969173337331277
finite-two-level-exchange-relaxation,+,exchange_rate_00,0.47123889803846897,0.032922875074069984,-0.0068120922382270965,-0.006931543045073707,0.9965342284774619,0.007728221232815974,0.0329228750740703,0.9931879077617725,0.9930684569549261
finite-two-level-exchange-relaxation,+,exchange_rate_00,0.6283185307179586,0.05294655854881855,-0.011936437851565618,-0.01231165940486223,0.9938441702975676,0.013697108331623986,0.05294655854881887,0.9880635621484339,0.9876883405951375
finite-two-level-exchange-relaxation,+,exchange_rate_00,0.7853981633974483,0.07569989580117563,-0.018305826175840867,-0.01921471959676957,0.990392640201614,0.02131775575581034,0.07569989580117595,0.9816941738241587,0.9807852804032302
finite-two-level-exchange-relaxation,+,exchange_rate_00,0.9424777960769379,0.10040716004692915,-0.025763421731720415,-0.027630079602323443,0.9861849601988367,0.03055043265326182,0.10040716004692947,0.9742365782682791,0.9723699203976763
finite-two-level-exchange-relaxation,+,exchange_rate_00,1.0995574287564276,0.1263744865787887,-0.03412559376627833,-0.03754476354635272,0.9812276182268226,0.04134712674463843,0.12637448657878902,0.9658744062337212,0.9624552364536471
finite-two-level-exchange-relaxation,+,exchange_rate_00,1.2566370614359172,0.15296931933438054,-0.04318643785156573,-0.04894348370484636,0.9755282581475758,0.05365186787652705,0.15296931933438088,0.9568135621484338,0.9510565162951534
finite-two-level-exchange-relaxation,+,exchange_rate_00,1.413716694115407,0.1796104251685082,-0.05272284593498555,-0.06180866407751584,0.9690956679612411,0.0674011058608473,0.17961042516850853,0.947277154065014,0.9381913359224839
finite-two-level-exchange-relaxation,+,exchange_rate_00,1.5707963267948966,0.20576305427568994,-0.0625,-0.07612046748871326,0.961939766255642,0.08252414037332728,0.20576305427569028,0.9374999999999996,0.9238795325112865
finite-two-level-exchange-relaxation,+,exchange_rate_00,1.7278759594743862,0.23093680960749483,-0.07227715406501445,-0.09185682617491864,0.9540715869125392,0.0989436003739106,0.23093680960749516,0.9277228459349851,0.9081431738250811
finite-two-level-exchange-relaxation,+,exchange_rate_00,1.8849555921538759,0.2546850043238976,-0.08181356214843427,-0.1089934758116321,0.945503262094183,0.11657597021513029,0.25468500432389796,0.9181864378515653,0.8910065241883677
finite-two-level-exchange-relaxation,+,exchange_rate_00,2.0420352248333655,0.27660484483425263,-0.09087440623372167,-0.12750399292720282,0.9362480035363975,0.135332159321946,0.27660484483425296,0.9091255937662779,0.872496007072797
finite-two-level-exchange-relaxation,+,exchange_rate_00,2.199114857512855,0.2963380571078226,-0.09923657826827958,-0.1473598356459077,0.926320082177045,0.15511811205921142,0.2963380571078229,0.90076342173172,0.8526401643540921
finite-two-level-exchange-relaxation,+,exchange_rate_00,2.356194490192345,0.31357172440301295,-0.10669417382415913,-0.16853038769745476,0.9157348061512715,0.17583545415145313,0.3135717244030133,0.8933058261758404,0.831469612302545
finite-two-level-exchange-relaxation,+,exchange_rate_00,2.5132741228718345,0.3280391900481523,-0.11306356214843416,-0.19098300562505255,0.9045084971874726,0.19738217178435635,0.32803919004815263,0.8869364378515654,0.8090169943749472
finite-two-level-exchange-relaxation,+,exchange_rate_00,2.670353755551324,0.3395209298808678,-0.1181879077617729,-0.21468306911925505,0.8926584654403713,0.2196533192982547,0.3395209298808681,0.8818120922382267,0.7853169308807447
finite-two-level-exchange-relaxation,+,exchange_rate_00,2.827433388230814,0.34784533074360374,-0.12194103226844699,-0.23959403439996907,0.8802029828000143,0.24254175118061835,0.3478453307436041,0.8780589677315526,0.7604059656000307
finite-two-level-exchange-relaxation,+,exchange_rate_00,2.9845130209103035,0.35288933217552537,-0.1242305212871958,-0.26567749056431433,0.8671612547178418,0.2659388738762334,0.3528893321755257,0.8757694787128038,0.7343225094356854
finite-two-level-exchange-relaxation,+,exchange_rate_00,3.141592653589793,0.35457890266526965,-0.12499999999999989,-0.2928932188134523,0.8535533905932725,0.28973541275916925,0.35457890266527,0.8749999999999997,0.7071067811865475
finite-two-level-exchange-relaxation,+,exchange_rate_00,3.2986722862692828,0.35288933217552565,-0.12423052128719603,-0.3211992544670582,0.8394003727664697,0.31382218944799145,0.352889332175526,0.8757694787128035,0.6788007455329416
finite-two-level-exchange-relaxation,+,exchange_rate_00,3.4557519189487724,0.34784533074360363,-0.12194103226844699,-0.35055195166981623,0.8247240241650909,0.338090904492689,0.34784533074360396,0.8780589677315526,0.6494480483301835
finite-two-level-exchange-relaxation,+,exchange_rate_00,3.612831551628262,0.3395209298808676,-0.11818790776177324,-0.3809060506901659,0.8095469746549161,0.36243492031562907,0.3395209298808679,0.8818120922382263,0.6190939493098339
finite-two-level-exchange-relaxation,+,exchange_rate_00,3.7699111843077517,0.3280391900481522,-0.11306356214843416,-0.41221474770752653,0.7938926261462357,0.3867500391461469,0.3280391900481525,0.8869364378515654,0.5877852522924732
finite-two-level-exchange-relaxation,+,exchange_rate_00,3.9269908169872414,0.313571724403013,-0.10669417382415924,-0.4444297669803976,0.7777851165098,0.41093527054527595,0.31357172440301334,0.8933058261758403,0.5555702330196022
finite-two-level-exchange-relaxation,+,exchange_rate_00,4.084070449666731,0.2963380571078224,-0.09923657826827947,-0.4775014352840511,0.7612492823579732,0.43489358296931196,0.29633805710782274,0.9007634217317201,0.5224985647159487
finite-two-level-exchange-relaxation,+,exchange_rate_00,4.241150082346221,0.2766048448342527,-0.09087440623372167,-0.5113787585030448,0.7443106207484763,0.458532633663801,0.276604844834253,0.9091255937662779,0.48862124149695496
finite-two-level-exchange-relaxation,+,exchange_rate_00,4.39822971502571,0.25468500432389757,-0.08181356214843427,-0.5460095002604531,0.7269952498697724,0.48176547100846634,0.2546850043238979,0.9181864378515653,0.45399049973954664
finite-two-level-exchange-relaxation,+,exchange_rate_00,4.5553093477052,0.2309368096074951,-0.07227715406501456,-0.5813402624625718,0.7093298687687133,0.5045112032440693,0.23093680960749544,0.927722845934985,0.418659737537428
finite-two-level-exchange-relaxation,+,exchange_rate_00,4.71238898038469,0.20576305427569022,-0.06249999999999989,-0.6173165676349099,0.6913417161825441,0.5266956273004884,0.20576305427569055,0.9374999999999997,0.38268343236508984
finite-two-level-exchange-relaxation,+,exchange_rate_00,4.869468613064179,0.17961042516850811,-0.05272284593498533,-0.653882942922507,0.6730585285387454,0.5482518112088284,0.17961042516850845,0.9472771540650142,0.3461170570774928
finite-two-level-exchange-relaxation,+,exchange_rate_00,5.026548245743669,0.15296931933438074,-0.04318643785156584,-0.6909830056250523,0.6545084971874731,0.5691206233187682,0.15296931933438107,0.9568135621484337,0.3090169943749475
finite-two-level-exchange-relaxation,+,exchange_rate_00,5.183627878423159,0.12637448657878866,-0.03412559376627833,-0.7285595501349256,0.635720224932536,0.5892512012582779,0.126374486578789,0.9658744062337212,0.27144044986507415
finite-two-level-exchange-relaxation,+,exchange_rate_00,5.340707511102648,0.10040716004692891,-0.025763421731720526,-0.7665546361440945,0.6167226819279519,0.6086013532733779,0.10040716004692923,0.974236578268279,0.23344536385590536
finite-two-level-exchange-relaxation,+,exchange_rate_00,5.497787143782138,0.07569989580117581,-0.01830582617584109,-0.8049096779838718,0.5975451610080632,0.6271378842838434,0.07569989580117613,0.9816941738241585,0.19509032201612803
finite-two-level-exchange-relaxation,+,exchange_rate_00,5.654866776461628,0.05294655854881877,-0.01193643785156584,-0.8435655349597688,0.5782172325201147,0.6448368387073596,0.05294655854881909,0.9880635621484337,0.15643446504023092
finite-two-level-exchange-relaxation,+,exchange_rate_00,5.811946409141117,0.03292287507407001,-0.0068120922382268745,-0.8824626025421621,0.5587686987289182,0.6616836518699608,0.03292287507407033,0.9931879077617727,0.11753739745783762
finite-two-level-exchange-relaxation,+,exchange_rate_00,5.969026041820607,0.01653169293342879,-0.0030589677315525643,-0.9215409042721546,0.5392295478639219,0.6776732016763691,0.01653169293342911,0.996941032268447,0.07845909572784514
finite-two-level-exchange-relaxation,+,exchange_rate_00,6.126105674500097,0.00492105332833351,-0.0007694787128038616,-0.9607401842409309,0.5196299078795339,0.6928097522148944,0.00492105332833383,0.9992305212871957,0.03925981575906889
finite-two-level-exchange-relaxation,+,exchange_rate_00,6.283185307179586,0.0,0.0,-0.9999999999999998,0.49999999999999944,0.7071067811865475,3.203426503814917e-16,0.9999999999999996,0.0
finite-two-level-exchange-relaxation,+,exchange_rate_00,6.440264939859076,0.004921053328333465,-0.0007694787128038616,-0.9607401842409311,0.48037009212046505,0.7205866835593981,0.004921053328333785,0.9992305212871957,0.039259815759068666
finite-two-level-exchange-relaxation,+,exchange_rate_00,6.5973445725385655,0.01653169293342914,-0.0030589677315530084,-0.9215409042721545,0.4607704521360768,0.7332803447510003,0.01653169293342946,0.9969410322684465,0.07845909572784525
finite-two-level-exchange-relaxation,+,exchange_rate_00,6.754424205218055,0.03292287507406988,-0.0068120922382268745,-0.8824626025421625,0.4412313012710808,0.7452265780350329,0.0329228750740702,0.9931879077617727,0.11753739745783728
finite-two-level-exchange-relaxation,+,exchange_rate_00,6.911503837897545,0.05294655854881866,-0.01193643785156584,-0.843565534959769,0.42178276747988397,0.7564714228537204,0.05294655854881898,0.9880635621484337,0.1564344650402307
finite-two-level-exchange-relaxation,+,exchange_rate_00,7.0685834705770345,0.07569989580117585,-0.01830582617584109,-0.8049096779838716,0.4024548389919353,0.767067303383571,0.07569989580117617,0.9816941738241585,0.19509032201612814
finite-two-level-exchange-relaxation,+,exchange_rate_00,7.225663103256524,0.10040716004692889,-0.025763421731720304,-0.7665546361440945,0.38327731807204685,0.7770720501099575,0.1004071600469292,0.9742365782682793,0.23344536385590525
finite-two-level-exchange-relaxation,+,exchange_rate_00,7.382742735936014,0.1263744865787885,-0.03412559376627844,-0.7285595501349258,0.3642797750674625,0.7865477913320955,0.12637448657878883,0.9658744062337211,0.27144044986507393
finite-two-level-exchange-relaxation,+,exchange_rate_00,7.5398223686155035,0.1529693193343807,-0.04318643785156584,-0.6909830056250525,0.3454915028125259,0.795559726395002,0.15296931933438104,0.9568135621484337,0.3090169943749472
finite-two-level-exchange-relaxation,+,exchange_rate_00,7.696902001294993,0.17961042516850817,-0.05272284593498544,-0.6538829429225068,0.32694147146125313,0.8041747978961126,0.1796104251685085,0.9472771540650141,0.3461170570774929
finite-two-level-exchange-relaxation,+,exchange_rate_00,7.853981633974483,0.2057630542756904,-0.06250000000000033,-0.6173165676349103,0.3086582838174547,0.8124602859109757,0.20576305427569072,0.9374999999999992,0.3826834323650895
finite-two-level-exchange-relaxation,+,exchange_rate_00,8.011061266653972,0.23093680960749485,-0.07227715406501434,-0.581340262462572,0.29067013123128566,0.8204823530925003,0.23093680960749519,0.9277228459349852,0.4186597375374278
finite-two-level-exchange-relaxation,+,exchange_rate_00,8.168140899333462,0.25468500432389735,-0.08181356214843394,-0.5460095002604531,0.2730047501302263,0.8283045748971546,0.2546850043238977,0.9181864378515656,0.45399049973954664
finite-two-level-exchange-relaxation,+,exchange_rate_00,8.325220532012953,0.2766048448342526,-0.09087440623372156,-0.511378758503045,0.25568937925152213,0.8359864936897105,0.2766048448342529,0.909125593766278,0.48862124149695474
finite-two-level-exchange-relaxation,+,exchange_rate_00,8.482300164692441,0.2963380571078226,-0.0992365782682797,-0.4775014352840513,0.23875071764202527,0.8435822385658878,0.2963380571078229,0.9007634217317199,0.5224985647159485
finite-two-level-exchange-relaxation,+,exchange_rate_00,8.63937979737193,0.313571724403013,-0.10669417382415969,-0.44442976698039816,0.22221488349019866,0.8511392539401064,0.31357172440301334,0.8933058261758399,0.5555702330196016
finite-two-level-exchange-relaxation,+,exchange_rate_00,8.79645943005142,0.3280391900481523,-0.11306356214843427,-0.41221474770752675,0.20610737385376315,0.8586971789123448,0.32803919004815263,0.8869364378515653,0.587785252292473
finite-two-level-exchange-relaxation,+,exchange_rate_00,8.953539062730911,0.3395209298808676,-0.11818790776177301,-0.3809060506901659,0.19045302534508282,0.8662869159660846,0.3395209298808679,0.8818120922382265,0.6190939493098339
finite-two-level-exchange-relaxation,+,exchange_rate_00,9.1106186954104,0.34784533074360363,-0.12194103226844699,-0.35055195166981623,0.17527597583490798,0.8739299216933061,0.34784533074360396,0.8780589677315526,0.6494480483301835
finite-two-level-exchange-relaxation,+,exchange_rate_00,9.267698328089889,0.35288933217552554,-0.12423052128719614,-0.32119925446705844,0.160599627233529,0.8816377442707817,0.35288933217552587,0.8757694787128034,0.6788007455329413
finite-two-level-exchange-relaxation,+,exchange_rate_00,9.42477796076938,0.35457890266526976,-0.12499999999999978,-0.2928932188134524,0.14644660940672616,0.8894118228319621,0.3545789026652701,0.8749999999999998,0.7071067811865474
finite-two-level-exchange-relaxation,+,exchange_rate_00,9.58185759344887,0.3528893321755255,-0.12423052128719614,-0.26567749056431433,0.13283874528215697,0.8972435533756955,0.3528893321755258,0.8757694787128034,0.7343225094356854
finite-two-level-exchange-relaxation,+,exchange_rate_00,9.738937226128359,0.3478453307436038,-0.12194103226844755,-0.2395940343999694,0.11979701719998441,0.9051146152094725,0.34784533074360413,0.878058967731552,0.7604059656000304
finite-two-level-exchange-relaxation,+,exchange_rate_00,9.896016858807847,0.3395209298808678,-0.1181879077617729,-0.21468306911925517,0.10734153455962749,0.9129975419241201,0.3395209298808681,0.8818120922382267,0.7853169308807446
finite-two-level-exchange-relaxation,+,exchange_rate_00,10.053096491487338,0.32803919004815246,-0.11306356214843438,-0.19098300562505277,0.09549150281252623,0.9208565122282928,0.3280391900481528,0.8869364378515652,0.809016994374947
finite-two-level-exchange-relaxation,+,exchange_rate_00,10.210176124166829,0.31357172440301284,-0.10669417382415936,-0.16853038769745465,0.08426519384872713,0.9286483291532875,0.3135717244030132,0.8933058261758402,0.8314696123025451
finite-two-level-exchange-relaxation,+,exchange_rate_00,10.367255756846317,0.2963380571078227,-0.09923657826827958,-0.14735983564590782,0.07367991782295377,0.9363235514729435,0.296338057107823,0.90076342173172,0.852640164354092
finite-two-level-exchange-relaxation,+,exchange_rate_00,10.524335389525806,0.2766048448342528,-0.09087440623372167,-0.12750399292720305,0.06375199646360147,0.9438277387423708,0.2766048448342531,0.9091255937662779,0.8724960070727967
finite-two-level-exchange-relaxation,+,exchange_rate_00,10.681415022205297,0.25468500432389785,-0.0818135621484346,-0.10899347581163243,0.054496737905816044,0.9511027710084574,0.2546850043238982,0.918186437851565,0.8910065241883673
finite-two-level-exchange-relaxation,+,exchange_rate_00,10.838494654884787,0.23093680960749496,-0.07227715406501489,-0.09185682617491886,0.045928413087459215,0.9580882056888254,0.2309368096074953,0.9277228459349847,0.9081431738250809
finite-two-level-exchange-relaxation,+,exchange_rate_00,10.995574287564276,0.20576305427569028,-0.06250000000000044,-0.07612046748871348,0.03806023374435658,0.9647226369561578,0.2057630542756906,0.9374999999999991,0.9238795325112863
finite-two-level-exchange-relaxation,+,exchange_rate_00,11.152653920243765,0.17961042516850861,-0.052722845934985885,-0.06180866407751617,0.030904332038757983,0.9709450267619422,0.17961042516850895,0.9472771540650137,0.9381913359224836
finite-two-level-exchange-relaxation,+,exchange_rate_00,11.309733552923255,0.15296931933438054,-0.04318643785156573,-0.04894348370484636,0.02447174185242316,0.9766959809591691,0.15296931933438088,0.9568135621484338,0.9510565162951534
finite-two-level-exchange-relaxation,+,exchange_rate_00,11.466813185602746,0.1263744865787887,-0.03412559376627855,-0.03754476354635283,0.01877238177317632,0.9819189484594357,0.12637448657878902,0.965874406233721,0.962455236453647
finite-two-level-exchange-relaxation,+,exchange_rate_00,11.623892818282235,0.10040716004692915,-0.025763421731720415,-0.027630079602323443,0.013815039801161683,0.9865613256827869,0.10040716004692947,0.9742365782682791,0.9723699203976763
finite-two-level-exchange-relaxation,+,exchange_rate_00,11.780972450961723,0.07569989580117592,-0.018305826175840756,-0.01921471959676957,0.009607359798384778,0.9905754525091435,0.07569989580117624,0.9816941738241588,0.9807852804032302
finite-two-level-exchange-relaxation,+,exchange_rate_00,11.938052083641214,0.05294655854881887,-0.011936437851566062,-0.012311659404862452,0.0061558297024311105,0.9939194893812,0.05294655854881919,0.9880635621484335,0.9876883405951373
finite-two-level-exchange-relaxation,+,exchange_rate_00,12.095131716320704,0.0329228750740703,-0.006812092238227319,-0.006931543045073818,0.0034657715225367963,0.9965581680756769,0.03292287507407062,0.9931879077617722,0.993068456954926
finite-two-level-exchange-relaxation,+,exchange_rate_00,12.252211349000193,0.016531692933429265,-0.0030589677315526753,-0.003082666266871925,0.001541333133435989,0.9984634109474354,0.016531692933429584,0.9969410322684469,0.9969173337331279
finite-two-level-exchange-relaxation,+,exchange_rate_00,12.409290981679682,0.004921053328333587,-0.0007694787128038616,-0.000770963759276988,0.00038548187963849374,0.9996148151983139,0.004921053328333907,0.9992305212871957,0.9992290362407228
finite-two-level-exchange-relaxation,+,exchange_rate_00,12.566370614359172,3.203426503814917e-16,-4.440892098500626e-16,-2.220446049250313e-16,1.848892746611744e-32,0.9999999999999997,6.406853007629834e-16,0.9999999999999991,0.9999999999999996
markovian-photon-reservoir-decay,+,photon_decay_00,0.0,0.0,0.0,0.0,0.9999999999999987,0.0,3.203426503814917e-16,0.9999999999999996,0.9999999999999998
markovian-photon-reservoir-decay,+,photon_decay_00,0.15707963267948966,0.020313566501955885,-0.003881008470423941,-0.003919290271836795,0.9980403548640803,0.00437503150919428,0.020313566501956204,0.9961189915295756,0.996080709728163
markovian-photon-reservoir-decay,+,photon_decay_00,0.3141592653589793,0.03642752007645417,-0.007671168523451621,-0.0078232197074386,0.9960883901462795,0.00871926556502815,0.03642752007645449,0.9923288314765479,0.9921767802925612
markovian-photon-reservoir-decay,+,photon_decay_00,0.47123889803846897,0.05083210384669595,-0.011372133581623034,-0.011711848510381428,0.9941440757448079,0.013032937672652354,0.05083210384669627,0.9886278664183765,0.9882881514896183
markovian-photon-reservoir-decay,+,photon_decay_00,0.6283185307179586,0.06407173424033658,-0.014985529440258993,-0.01558523664828626,0.9922073816758554,0.017316281471886887,0.0640717342403369,0.9850144705597406,0.9844147633517135
markovian-photon-reservoir-decay,+,photon_decay_00,0.7853981633974483,0.07641076465918567,-0.01851295471257597,-0.01944344385374308,0.9902782780731273,0.021569528752005632,0.07641076465918599,0.9814870452874236,0.9805565561462567
markovian-photon-reservoir-decay,+,photon_decay_00,0.9424777960769379,0.08800825155088234,-0.021955981267748115,-0.02328652962523281,0.9883567351873824,0.025792909466407006,0.08800825155088265,0.9780440187322514,0.976713470374767
markovian-photon-reservoir-decay,+,photon_decay_00,1.0995574287564276,0.09897150872475105,-0.02531615466203263,-0.02711455322804457,0.9864427233859764,0.029986651747169548,0.09897150872475137,0.9746838453379669,0.9728854467719552
markovian-photon-reservoir-decay,+,photon_decay_00,1.2566370614359172,0.10937838523486824,-0.02859499456305814,-0.030927573695189392,0.9845362131524039,0.03415098191949381,0.10937838523486856,0.9714050054369414,0.9690724263048104
markovian-photon-reservoir-decay,+,photon_decay_00,1.413716694115407,0.11928826979161304,-0.03179399516739689,-0.034725649828311056,0.982637175085843,0.03828612451603239,0.11928826979161336,0.9682060048326027,0.9652743501716887
markovian-photon-reservoir-decay,+,photon_decay_00,1.5707963267948966,0.12874817739148464,-0.034914625611511374,-0.038508840198592464,0.9807455799007024,0.04239230229110721,0.12874817739148497,0.9650853743884882,0.9614911598014073
markovian-photon-reservoir-decay,+,photon_decay_00,1.7278759594743862,0.13779639973404645,-0.03795833037619234,-0.04227720314765915,0.9788613984261691,0.046469736234816664,0.13779639973404678,0.9620416696238072,0.9577227968523406
markovian-photon-reservoir-decay,+,photon_decay_00,1.8849555921538759,0.14646483253107204,-0.040926529684582436,-0.04603079678847877,0.9769846016057593,0.05051864558703244,0.14646483253107237,0.9590734703154171,0.953969203211521
markovian-photon-reservoir-decay,+,photon_decay_00,2.0420352248333655,0.1547805321232701,-0.0438206198938893,-0.049769679006257506,0.9751151604968697,0.054539247851287144,0.15478053212327042,0.9561793801061103,0.9502303209937423
markovian-photon-reservoir-decay,+,photon_decay_00,2.199114857512855,0.16276679766248503,-0.0466419738808872,-0.05349390745933258,0.9732530462703324,0.0585317588085535,0.16276679766248536,0.9533580261191124,0.9465060925406672
markovian-photon-reservoir-decay,+,photon_decay_00,2.356194490192345,0.17044394783458872,-0.049391941421304764,-0.05720353958006141,0.971398230209968,0.0624963925309162,0.17044394783458905,0.9506080585786948,0.9427964604199384
markovian-photon-reservoir-decay,+,photon_decay_00,2.5132741228718345,0.17782989346573141,-0.05207184956319377,-0.06089863257570738,0.969550683712145,0.06643336139513684,0.17782989346573175,0.9479281504368058,0.9391013674242924
markovian-photon-reservoir-decay,+,photon_decay_00,2.670353755551324,0.1849405693880212,-0.05468300299437567,-0.06457924342932198,0.9677103782853379,0.07034287609611317,0.18494056938802153,0.9453169970056239,0.9354207565706778
markovian-photon-reservoir-decay,+,photon_decay_00,2.827433388230814,0.19179026662601845,-0.05722668440405787,-0.06824542890062357,0.9658772855496871,0.07422514566023308,0.19179026662601878,0.9427733155959417,0.9317545710993762
markovian-photon-reservoir-decay,+,photon_decay_00,2.9845130209103035,0.19839189232844695,-0.059704154838710055,-0.07189724552687271,0.9640513772365626,0.07808037745862469,0.19839189232844728,0.9402958451612895,0.9281027544731271
markovian-photon-reservoir-decay,+,photon_decay_00,3.141592653589793,0.2047571762509972,-0.06211665405229394,-0.07553474962374418,0.9622326251881266,0.08190877722030232,0.20475717625099754,0.9378833459477056,0.9244652503762556
markovian-photon-reservoir-decay,+,photon_decay_00,3.2986722862692828,0.21089683698777278,-0.064465400850932,-0.07915799728619488,0.9604210013569016,0.08571054904521051,0.21089683698777312,0.9355345991490676,0.9208420027138049
markovian-photon-reservoir-decay,+,photon_decay_00,3.4557519189487724,0.21682071740436745,-0.0667515934321059,-0.0827670443893298,0.9586164778053341,0.0894858954171659,0.21682071740436779,0.9332484065678937,0.91723295561067
markovian-photon-reservoir-decay,+,photon_decay_00,3.612831551628262,0.22253789616789355,-0.06897640971846697,-0.08636194658926277,0.9568190267053676,0.09323501721669764,0.22253789616789388,0.9310235902815326,0.913638053410737
markovian-photon-reservoir-decay,+,photon_decay_00,3.7699111843077517,0.22805678048641742,-0.07114100768634679,-0.08994275932397522,0.9550286203380112,0.09695811373378806,0.22805678048641775,0.9288589923136528,0.9100572406760246
markovian-photon-reservoir-decay,+,photon_decay_00,3.9269908169872414,0.23338518390458834,-0.07324652568904999,-0.09350953781417137,0.953245231092913,0.10065538268051388,0.23338518390458868,0.9267534743109496,0.9064904621858284
markovian-photon-reservoir-decay,+,photon_decay_00,4.084070449666731,0.23853039208882917,-0.07529408277500949,-0.09706233706412903,0.9514688314679343,0.10432702020358757,0.2385303920888295,0.9247059172249901,0.9029376629358707
markovian-photon-reservoir-decay,+,photon_decay_00,4.241150082346221,0.24349921886626003,-0.07728477900088948,-0.10060121186254867,0.9496993940687246,0.10797322089680217,0.24349921886626036,0.9227152209991101,0.8993987881374511
markovian-photon-reservoir-decay,+,photon_decay_00,4.39822971502571,0.24829805428457358,-0.07921969573971,-0.10412621678339751,0.9479368916082997,0.11159417781337756,0.2482980542845739,0.9207803042602896,0.8958737832166023
markovian-photon-reservoir-decay,+,photon_decay_00,4.5553093477052,0.2529329060863321,-0.08109989598407763,-0.10763740618675188,0.9461812969066227,0.11519008247821116,0.25293290608633245,0.9189001040159219,0.8923625938132479
markovian-photon-reservoir-decay,+,photon_decay_00,4.71238898038469,0.2574094357068609,-0.08292642464459288,-0.1111348342196351,0.9444325828901814,0.11876112490003239,0.25740943570686126,0.9170735753554067,0.8888651657803647
markovian-photon-reservoir-decay,+,photon_decay_00,4.869468613064179,0.2617329896863252,-0.08470030884351543,-0.11461855481685268,0.9426907225915724,0.12230749358346207,0.2617329896863255,0.9152996911564841,0.8853814451831471
markovian-photon-reservoir-decay,+,photon_decay_00,5.026548245743669,0.2659086272168657,-0.08642255820375899,-0.11808862170182366,0.9409556891490872,0.12582937554097737,0.26590862721686603,0.9135774417962406,0.8819113782981761
markovian-photon-reservoir-decay,+,photon_decay_00,5.183627878423159,0.26994114441269623,-0.08809416513329071,-0.12154508838740985,0.9392274558062937,0.12932695630478414,0.26994114441269657,0.9119058348667088,0.8784549116125899
markovian-photon-reservoir-decay,+,photon_decay_00,5.340707511102648,0.27383509578597454,-0.08971610510500616,-0.12498800817674027,0.9375059959116288,0.13280041993859465,0.27383509578597487,0.9102838948949934,0.8750119918232595
markovian-photon-reservoir-decay,+,photon_decay_00,5.497787143782138,0.2775948133275802,-0.0912893369321518,-0.12841743416403362,0.9357912829179819,0.13624994904931492,0.2775948133275805,0.9087106630678478,0.8715825658359662
markovian-photon-reservoir-decay,+,photon_decay_00,5.654866776461628,0.28122442352475086,-0.09281480303936629,-0.13183341923541703,0.9340832903822902,0.13967572479863966,0.2812244235247512,0.9071851969606333,0.8681665807645828
markovian-photon-reservoir-decay,+,photon_decay_00,5.811946409141117,0.28472786259328053,-0.09429342972940713,-0.13523601606974145,0.9323819919651278,0.14307792691455629,0.28472786259328087,0.9057065702705924,0.8647639839302583
markovian-photon-reservoir-decay,+,photon_decay_00,5.969026041820607,0.28810889015783203,-0.09572612744563203,-0.1386252771393941,0.9306873614303017,0.1464567337027597,0.28810889015783236,0.9042738725543675,0.8613747228606057
markovian-photon-reservoir-decay,+,photon_decay_00,6.126105674500097,0.2913711015778126,-0.0971137910303016,-0.1420012547111077,0.9289993726444451,0.14981232205797693,0.29137110157781293,0.902886208969698,0.8579987452888921
markovian-photon-reservoir-decay,+,photon_decay_00,6.283185307179586,0.294517939086518,-0.09845729997877117,-0.1453640008467666,0.9273179995766154,0.15314486747520364,0.29451793908651835,0.9015427000212284,0.8546359991532332
markovian-photon-reservoir-decay,+,photon_decay_00,6.440264939859076,0.29755270188666544,-0.0997575186896309,-0.14871356740420938,0.925643216297894,0.15645454406085246,0.29755270188666577,0.9002424813103687,0.8512864325957904
markovian-photon-reservoir-decay,+,photon_decay_00,6.5973445725385655,0.30047855532495304,-0.10101529671086507,-0.15205000603802854,0.9239749969809846,0.15974152454381343,0.3004785553249534,0.8989847032891345,0.8479499939619712
markovian-photon-reservoir-decay,+,photon_decay_00,6.754424205218055,0.30329853925118716,-0.10223146898208824,-0.15537336820036773,0.922313315899815,0.16300598028642932,0.3032985392511875,0.8977685310179113,0.844626631799632
markovian-photon-reservoir-decay,+,photon_decay_00,6.911503837897545,0.3060155756531411,-0.10340685607292155,-0.15868370514171426,0.9206581474291415,0.16624808129538307,0.3060155756531414,0.896593143927078,0.8413162948582855
markovian-photon-reservoir-decay,+,photon_decay_00,7.0685834705770345,0.30863247564618734,-0.10454226441757197,-0.1619810679116901,0.9190094660441536,0.16946799623250125,0.3086324756461877,0.8954577355824276,0.8380189320883097
markovian-photon-reservoir-decay,+,photon_decay_00,7.225663103256524,0.31115194588648737,-0.10563848654566921,-0.1652655073598388,0.9173672463200794,0.17266589242547245,0.3111519458864877,0.8943615134543303,0.834734492640161
markovian-photon-reservoir-decay,+,photon_decay_00,7.382742735936014,0.3135765944677634,-0.10669630130942598,-0.16853707413640995,0.915731462931794,0.17584193587848151,0.31357659446776376,0.8933036986905736,0.8314629258635898
markovian-photon-reservoir-decay,+,photon_decay_00,7.5398223686155035,0.3159089363542509,-0.10771647410717411,-0.17179581869313998,0.9141020906534291,0.17899629128276062,0.3159089363542512,0.8922835258928254,0.8282041813068598
markovian-photon-reservoir-decay,+,photon_decay_00,7.696902001294993,0.31815139839601136,-0.10869975710333701,-0.17504179128403052,0.9124791043579834,0.18212912202705753,0.3181513983960117,0.8913002428966625,0.8249582087159693
markovian-photon-reservoir-decay,+,photon_decay_00,7.853981633974483,0.32030632396731074,-0.10964688944489043,-0.17827504196612276,0.9108624790169373,0.18524059020802147,0.32030632396731107,0.8903531105551091,0.821724958033877
markovian-photon-reservoir-decay,+,photon_decay_00,8.011061266653972,0.3223759772640126,-0.1105585974743748,-0.18149562060027036,0.9092521896998639,0.18833085664050842,0.32237597726401296,0.8894414025256248,0.8185043793997294
markovian-photon-reservoir-decay,+,photon_decay_00,8.168140899333462,0.32436254729183905,-0.11143559493950328,-0.18470357685190752,0.907648211574045,0.19140008086780447,0.3243625472918394,0.8885644050604963,0.8152964231480923
markovian-photon-reservoir-decay,+,photon_decay_00,8.325220532012953,0.3262681515737912,-0.1122785831994274,-0.18789896019181518,0.906050519904091,0.19444842117176955,0.3262681515737915,0.8877214168005721,0.8121010398081846
markovian-photon-reservoir-decay,+,photon_decay_00,8.482300164692441,0.3280948396019096,-0.11308825142770929,-0.1910818198968839,0.9044590900515569,0.19747603458290147,0.32809483960190994,0.8869117485722903,0.8089181801031159
markovian-photon-reservoir-decay,+,photon_decay_00,8.63937979737193,0.32984459605585525,-0.11386527681205294,-0.19425220505087382,0.9028738974745617,0.20048307689032116,0.3298445960558556,0.8861347231879466,0.805747794949126
markovian-photon-reservoir-decay,+,photon_decay_00,8.79645943005142,0.33151934380841397,-0.11461032475084654,-0.1974101645451719,0.9012949177274128,0.20346970265167919,0.3315193438084143,0.885389675249153,0.8025898354548279
markovian-photon-reservoir-decay,+,photon_decay_00,8.953539062730911,0.3331209467359486,-0.11532404904656324,-0.20055574707954504,0.8997221264602262,0.2064360652029845,0.33312094673594894,0.8846759509534363,0.7994442529204547
markovian-photon-reservoir-decay,+,photon_decay_00,9.1106186954104,0.33465121234998696,-0.1160070920960764,-0.2036890011628919,0.8981554994185528,0.209382316668356,0.3346512123499873,0.8839929079039232,0.7963109988371079
markovian-photon-reservoir-decay,+,photon_decay_00,9.267698328089889,0.33611189426452076,-0.1166600850779288,-0.2068099751139908,0.8965950124430032,0.2123086079696983,0.3361118942645211,0.8833399149220708,0.793190024886009
markovian-photon-reservoir-decay,+,photon_decay_00,9.42477796076938,0.33750469451215653,-0.1172836481366113,-0.2099187170622444,0.8950406414688765,0.21521508883629997,0.33750469451215687,0.8827163518633883,0.7900812829377554
markovian-photon-reservoir-decay,+,photon_decay_00,9.58185759344887,0.33883126572099803,-0.1178783905638976,-0.21301527494842276,0.8934923625257876,0.2181019078143577,0.33883126572099836,0.882121609436102,0.786984725051577
markovian-photon-reservoir-decay,+,photon_decay_00,9.738937226128359,0.34009321316301094,-0.11844491097727405,-0.2160996965254014,0.891950151737298,0.2209692122764247,0.3400932131630113,0.8815550890227255,0.7839003034745984
markovian-photon-reservoir-decay,+,photon_decay_00,9.896016858807847,0.34129209668361987,-0.11898379749552246,-0.21917202935889923,0.8904139853205493,0.22381714843078576,0.3412920966836202,0.8810162025044771,0.7808279706411005
markovian-photon-reservoir-decay,+,photon_decay_00,10.053096491487338,0.3424294325213951,-0.11949562791148871,-0.22223232082821098,0.8888838395858931,0.22664586133075776,0.34242943252139546,0.8805043720885108,0.7777676791717888
markovian-photon-reservoir-decay,+,photon_decay_00,10.210176124166829,0.3435066950258857,-0.1199809698620915,-0.22528061812693811,0.8873596909365297,0.2294554948839172,0.34350669502588604,0.880019030137908,0.7747193818730617
markovian-photon-reservoir-decay,+,photon_decay_00,10.367255756846317,0.3445253182809501,-0.12044038099560628,-0.2283169682637165,0.8858415158681405,0.2322461918612555,0.34452531828095045,0.8795596190043933,0.7716830317362833
markovian-photon-reservoir-decay,+,photon_decay_00,10.524335389525806,0.3454866976402797,-0.12087440913627634,-0.23134141806294195,0.8843292909685279,0.2350180939062624,0.34548669764028006,0.8791255908637232,0.7686585819370578
markovian-photon-reservoir-decay,+,photon_decay_00,10.681415022205297,0.34639219118125,-0.1212835924462845,-0.23435401416549162,0.8828229929172529,0.237771341543937,0.3463921911812503,0.878716407553715,0.7656459858345082
markovian-photon-reservoir-decay,+,photon_decay_00,10.838494654884787,0.3472431210827065,-0.12166845958513262,-0.23735480302944367,0.881322598485277,0.24050607418972914,0.34724312108270683,0.8783315404148669,0.7626451969705561
markovian-photon-reservoir-decay,+,photon_decay_00,10.995574287564276,0.34804077493182894,-0.12202952986646909,-0.24034383093079337,0.8798280845346023,0.24322243015840897,0.3480407749318293,0.8779704701335305,0.7596561690692064
markovian-photon-reservoir-decay,+,photon_decay_00,11.152653920243765,0.3487864069647941,-0.12236731341240226,-0.24332114396416704,0.8783394280179154,0.24592054667286828,0.34878640696479446,0.8776326865875973,0.7566788560358327
markovian-photon-reservoir-decay,+,photon_decay_00,11.309733552923255,0.34948123924557956,-0.1226823113053428,-0.24628678804353288,0.8768566059782325,0.24860055987285118,0.3494812392455799,0.8773176886946568,0.7537132119564669
markovian-photon-reservoir-decay,+,photon_decay_00,11.466813185602746,0.3501264627868982,-0.12297501573741043,-0.24924080890290867,0.8753795955485448,0.25126260482361684,0.3501264627868985,0.8770249842625891,0.7507591910970911
markovian-photon-reservoir-decay,+,photon_decay_00,11.623892818282235,0.35072323861694693,-0.12324591015744857,-0.2521832520970675,0.8739083739514653,0.25390681552453337,0.35072323861694726,0.876754089842551,0.7478167479029323
markovian-photon-reservoir-decay,+,photon_decay_00,11.780972450961723,0.3512726987953675,-0.1234954694156769,-0.2551141630022399,0.872442918498879,0.2565333249176047,0.3512726987953678,0.8765045305843226,0.7448858369977599
markovian-photon-reservoir-decay,+,photon_decay_00,11.938052083641214,0.3517759473815515,-0.12372415990602914,-0.2580335868168142,0.8709832065915919,0.25914226489593023,0.3517759473815518,0.8762758400939704,0.7419664131831856
markovian-photon-reservoir-decay,+,photon_decay_00,12.095131716320704,0.3522340613581933,-0.12393243970620249,-0.26094156856203266,0.8695292157189826,0.26173376631209627,0.35223406135819363,0.8760675602937971,0.7390584314379671
markovian-photon-reservoir-decay,+,photon_decay_00,12.252211349000193,0.3526480915127787,-0.12412075871546346,-0.26383815308268643,0.8680809234586558,0.2643079589865039,0.35264809151277904,0.8758792412845361,0.7361618469173133
markovian-photon-reservoir-decay,+,photon_decay_00,12.409290981679682,0.3530190632794944,-0.12428955879023995,-0.2667233850478068,0.8666383074760954,0.2668649717156288,0.3530190632794947,0.8757104412097596,0.733276614952193
markovian-photon-reservoir-decay,+,photon_decay_00,12.566370614359172,0.35334797754387215,-0.12443927387753673,-0.26959730895135425,0.8652013455243218,0.26940493228021767,0.3533479775438725,0.8755607261224628,0.7304026910486455
