agent_a,agent_b,time_s,collision_condition_fraction,mean_min_trace_distance
coherent-longitudinal-detuning,finite-mode-spin-boson-dephasing,0.0,1.0,0.0
coherent-longitudinal-detuning,finite-mode-spin-boson-dephasing,0.15707963267948966,0.14285714285714285,0.024647865193316715
coherent-longitudinal-detuning,finite-mode-spin-boson-dephasing,0.3141592653589793,0.14285714285714285,0.07838404940543549
coherent-longitudinal-detuning,finite-mode-spin-boson-dephasing,0.47123889803846897,0.14285714285714285,0.14963963689770762
coherent-longitudinal-detuning,finite-mode-spin-boson-dephasing,0.6283185307179586,0.14285714285714285,0.2211786843799202
coherent-longitudinal-detuning,finite-mode-spin-boson-dephasing,0.7853981633974483,0.14285714285714285,0.28050368439979806
coherent-longitudinal-detuning,finite-mode-spin-boson-dephasing,0.9424777960769379,0.14285714285714285,0.32268727295277916
coherent-longitudinal-detuning,finite-mode-spin-boson-dephasing,1.0995574287564276,0.14285714285714285,0.3489543432529459
coherent-longitudinal-detuning,finite-mode-spin-boson-dephasing,1.2566370614359172,0.14285714285714285,0.3634879861552235
coherent-longitudinal-detuning,finite-mode-spin-boson-dephasing,1.413716694115407,0.14285714285714285,0.3707179829275518
coherent-longitudinal-detuning,finite-mode-spin-boson-dephasing,1.5707963267948966,0.14285714285714285,0.3739858072227456
coherent-longitudinal-detuning,finite-mode-spin-boson-dephasing,1.7278759594743862,0.14285714285714285,0.37534110170185786
coherent-longitudinal-detuning,finite-mode-spin-boson-dephasing,1.8849555921538759,0.14285714285714285,0.37583801385980947
coherent-longitudinal-detuning,finite-mode-spin-boson-dephasing,2.0420352248333655,0.14285714285714285,0.37602631549094995
coherent-longitudinal-detuning,finite-mode-spin-boson-dephasing,2.199114857512855,0.14285714285714285,0.3760822774903135
coherent-longitudinal-detuning,finite-mode-spin-boson-dephasing,2.356194490192345,0.14285714285714285,0.37608984634056775
coherent-longitudinal-detuning,finite-mode-spin-boson-dephasing,2.5132741228718345,0.14285714285714285,0.37609300800440876
coherent-longitudinal-detuning,finite-mode-spin-boson-dephasing,2.670353755551324,0.14285714285714285,0.37609390615039
coherent-longitudinal-detuning,finite-mode-spin-boson-dephasing,2.827433388230814,0.14285714285714285,0.37609398511847436
coherent-longitudinal-detuning,finite-mode-spin-boson-dephasing,2.9845130209103035,0.14285714285714285,0.37609431673782445
coherent-longitudinal-detuning,finite-mode-spin-boson-dephasing,3.141592653589793,0.14285714285714285,0.37609557420312967
coherent-longitudinal-detuning,finite-mode-spin-boson-dephasing,3.2986722862692828,0.14285714285714285,0.3760979136247035
coherent-longitudinal-detuning,finite-mode-spin-boson-dephasing,3.4557519189487724,0.14285714285714285,0.3761009750951822
coherent-longitudinal-detuning,finite-mode-spin-boson-dephasing,3.612831551628262,0.14285714285714285,0.3761022075214894
coherent-longitudinal-detuning,finite-mode-spin-boson-dephasing,3.7699111843077517,0.14285714285714285,0.37609300800440876
coherent-longitudinal-detuning,finite-mode-spin-boson-dephasing,3.9269908169872414,0.14285714285714285,0.37608406224270646
coherent-longitudinal-detuning,finite-mode-spin-boson-dephasing,4.084070449666731,0.14285714285714285,0.376072835215977
coherent-longitudinal-detuning,finite-mode-spin-boson-dephasing,4.241150082346221,0.14285714285714285,0.37605564492409377
coherent-longitudinal-detuning,finite-mode-spin-boson-dephasing,4.39822971502571,0.14285714285714285,0.3760266517789053
coherent-longitudinal-detuning,finite-mode-spin-boson-dephasing,4.5553093477052,0.14285714285714285,0.37597596545075795
coherent-longitudinal-detuning,finite-mode-spin-boson-dephasing,4.71238898038469,0.14285714285714285,0.37588800759683794
coherent-longitudinal-detuning,finite-mode-spin-boson-dephasing,4.869468613064179,0.14285714285714285,0.3757486037132806
coherent-longitudinal-detuning,finite-mode-spin-boson-dephasing,5.026548245743669,0.14285714285714285,0.37560236232968436
coherent-longitudinal-detuning,finite-mode-spin-boson-dephasing,5.183627878423159,0.14285714285714285,0.3741639503574747
coherent-longitudinal-detuning,finite-mode-spin-boson-dephasing,5.340707511102648,0.14285714285714285,0.3695978835074394
coherent-longitudinal-detuning,finite-mode-spin-boson-dephasing,5.497787143782138,0.14285714285714285,0.356570446959409
coherent-longitudinal-detuning,finite-mode-spin-boson-dephasing,5.654866776461628,0.14285714285714285,0.32475596124348566
coherent-longitudinal-detuning,finite-mode-spin-boson-dephasing,5.811946409141117,0.14285714285714285,0.26188502943237774
coherent-longitudinal-detuning,finite-mode-spin-boson-dephasing,5.969026041820607,0.14285714285714285,0.16770752346631584
coherent-longitudinal-detuning,finite-mode-spin-boson-dephasing,6.126105674500097,0.14285714285714285,0.06955256096122195
coherent-longitudinal-detuning,finite-mode-spin-boson-dephasing,6.283185307179586,1.0,1.2470947761471155e-16
coherent-longitudinal-detuning,finite-mode-spin-boson-dephasing,6.440264939859076,0.14285714285714285,0.06955256096122166
coherent-longitudinal-detuning,finite-mode-spin-boson-dephasing,6.5973445725385655,0.14285714285714285,0.1677075234663156
coherent-longitudinal-detuning,finite-mode-spin-boson-dephasing,6.754424205218055,0.14285714285714285,0.2618850294323775
coherent-longitudinal-detuning,finite-mode-spin-boson-dephasing,6.911503837897545,0.14285714285714285,0.32475596124348555
coherent-longitudinal-detuning,finite-mode-spin-boson-dephasing,7.0685834705770345,0.14285714285714285,0.356570446959409
coherent-longitudinal-detuning,finite-mode-spin-boson-dephasing,7.225663103256524,0.14285714285714285,0.36888640271091555
coherent-longitudinal-detuning,finite-mode-spin-boson-dephasing,7.382742735936014,0.14285714285714285,0.37292132827247837
coherent-longitudinal-detuning,finite-mode-spin-boson-dephasing,7.5398223686155035,0.14285714285714285,0.374721086632674
coherent-longitudinal-detuning,finite-mode-spin-boson-dephasing,7.696902001294993,0.14285714285714285,0.3754844289500786
coherent-longitudinal-detuning,finite-mode-spin-boson-dephasing,7.853981633974483,0.14285714285714285,0.3758100926813894
coherent-longitudinal-detuning,finite-mode-spin-boson-dephasing,8.011061266653972,0.14285714285714285,0.37595458478247223
coherent-longitudinal-detuning,finite-mode-spin-boson-dephasing,8.168140899333462,0.14285714285714285,0.37602221206760006
coherent-longitudinal-detuning,finite-mode-spin-boson-dephasing,8.325220532012953,0.14285714285714285,0.376055444911158
coherent-longitudinal-detuning,finite-mode-spin-boson-dephasing,8.482300164692441,0.14285714285714285,0.3760721899362242
coherent-longitudinal-detuning,finite-mode-spin-boson-dephasing,8.63937979737193,0.14285714285714285,0.37608050036857266
coherent-longitudinal-detuning,finite-mode-spin-boson-dephasing,8.79645943005142,0.14285714285714285,0.37608442596966585
coherent-longitudinal-detuning,finite-mode-spin-boson-dephasing,8.953539062730911,0.14285714285714285,0.37608640150598344
coherent-longitudinal-detuning,finite-mode-spin-boson-dephasing,9.1106186954104,0.14285714285714285,0.37608817457436444
coherent-longitudinal-detuning,finite-mode-spin-boson-dephasing,9.267698328089889,0.14285714285714285,0.37609101311713244
coherent-longitudinal-detuning,finite-mode-spin-boson-dephasing,9.42477796076938,0.14285714285714285,0.37609557420312967
coherent-longitudinal-detuning,finite-mode-spin-boson-dephasing,9.58185759344887,0.14285714285714285,0.3761017815936863
coherent-longitudinal-detuning,finite-mode-spin-boson-dephasing,9.738937226128359,0.14285714285714285,0.3761089723276027
coherent-longitudinal-detuning,finite-mode-spin-boson-dephasing,9.896016858807847,0.14285714285714285,0.37611630789768524
coherent-longitudinal-detuning,finite-mode-spin-boson-dephasing,10.053096491487338,0.14285714285714285,0.37612321647056696
coherent-longitudinal-detuning,finite-mode-spin-boson-dephasing,10.210176124166829,0.14285714285714285,0.37611793538429394
coherent-longitudinal-detuning,finite-mode-spin-boson-dephasing,10.367255756846317,0.14285714285714285,0.3761101488239035
coherent-longitudinal-detuning,finite-mode-spin-boson-dephasing,10.524335389525806,0.14285714285714285,0.37607268734959354
coherent-longitudinal-detuning,finite-mode-spin-boson-dephasing,10.681415022205297,0.14285714285714285,0.3759415038279972
coherent-longitudinal-detuning,finite-mode-spin-boson-dephasing,10.838494654884787,0.14285714285714285,0.37557854852974604
coherent-longitudinal-detuning,finite-mode-spin-boson-dephasing,10.995574287564276,0.14285714285714285,0.3746198343167583
coherent-longitudinal-detuning,finite-mode-spin-boson-dephasing,11.152653920243765,0.14285714285714285,0.37223371494409063
coherent-longitudinal-detuning,finite-mode-spin-boson-dephasing,11.309733552923255,0.14285714285714285,0.36671568356221634
coherent-longitudinal-detuning,finite-mode-spin-boson-dephasing,11.466813185602746,0.14285714285714285,0.35503056196452454
coherent-longitudinal-detuning,finite-mode-spin-boson-dephasing,11.623892818282235,0.14285714285714285,0.33270899480237387
coherent-longitudinal-detuning,finite-mode-spin-boson-dephasing,11.780972450961723,0.14285714285714285,0.29484386136822943
coherent-longitudinal-detuning,finite-mode-spin-boson-dephasing,11.938052083641214,0.14285714285714285,0.23880387865270936
coherent-longitudinal-detuning,finite-mode-spin-boson-dephasing,12.095131716320704,0.14285714285714285,0.1680853927423376
coherent-longitudinal-detuning,finite-mode-spin-boson-dephasing,12.252211349000193,0.14285714285714285,0.0946780710501942
coherent-longitudinal-detuning,finite-mode-spin-boson-dephasing,12.409290981679682,0.14285714285714285,0.03587390714435739
coherent-longitudinal-detuning,finite-mode-spin-boson-dephasing,12.566370614359172,1.0,1.2470947761471155e-16
coherent-longitudinal-detuning,finite-two-level-exchange-relaxation,0.0,1.0,0.0
coherent-longitudinal-detuning,finite-two-level-exchange-relaxation,0.15707963267948966,0.07142857142857142,0.014895774444056742
coherent-longitudinal-detuning,finite-two-level-exchange-relaxation,0.3141592653589793,0.07142857142857142,0.030097971619706405
coherent-longitudinal-detuning,finite-two-level-exchange-relaxation,0.47123889803846897,0.07142857142857142,0.045687451727069874
coherent-longitudinal-detuning,finite-two-level-exchange-relaxation,0.6283185307179586,0.07142857142857142,0.06173609282509903
coherent-longitudinal-detuning,finite-two-level-exchange-relaxation,0.7853981633974483,0.07142857142857142,0.07830388992275662
coherent-longitudinal-detuning,finite-two-level-exchange-relaxation,0.9424777960769379,0.07142857142857142,0.09543692113703041
coherent-longitudinal-detuning,finite-two-level-exchange-relaxation,1.0995574287564276,0.07142857142857142,0.11316618824488137
coherent-longitudinal-detuning,finite-two-level-exchange-relaxation,1.2566370614359172,0.07142857142857142,0.13150722575587
coherent-longitudinal-detuning,finite-two-level-exchange-relaxation,1.413716694115407,0.07142857142857142,0.1504603137328138
coherent-longitudinal-detuning,finite-two-level-exchange-relaxation,1.5707963267948966,0.07142857142857142,0.17001111944481348
coherent-longitudinal-detuning,finite-two-level-exchange-relaxation,1.7278759594743862,0.07142857142857142,0.19013161443210588
coherent-longitudinal-detuning,finite-two-level-exchange-relaxation,1.8849555921538759,0.07142857142857142,0.13150722575587004
coherent-longitudinal-detuning,finite-two-level-exchange-relaxation,2.0420352248333655,0.07142857142857142,0.030097971619706395
coherent-longitudinal-detuning,finite-two-level-exchange-relaxation,2.199114857512855,0.07142857142857142,0.06173609282509899
coherent-longitudinal-detuning,finite-two-level-exchange-relaxation,2.356194490192345,0.07142857142857142,0.17001111944481345
coherent-longitudinal-detuning,finite-two-level-exchange-relaxation,2.5132741228718345,0.07142857142857142,0.2974796911571798
coherent-longitudinal-detuning,finite-two-level-exchange-relaxation,2.670353755551324,0.07142857142857142,0.2107811487496154
coherent-longitudinal-detuning,finite-two-level-exchange-relaxation,2.827433388230814,0.07142857142857142,0.13150722575587007
coherent-longitudinal-detuning,finite-two-level-exchange-relaxation,2.9845130209103035,0.07142857142857142,0.0617360928250991
coherent-longitudinal-detuning,finite-two-level-exchange-relaxation,3.141592653589793,1.0,1.7015025033948488e-16
coherent-longitudinal-detuning,finite-two-level-exchange-relaxation,3.2986722862692828,0.07142857142857142,0.06173609282509899
coherent-longitudinal-detuning,finite-two-level-exchange-relaxation,3.4557519189487724,0.07142857142857142,0.13150722575587
coherent-longitudinal-detuning,finite-two-level-exchange-relaxation,3.612831551628262,0.07142857142857142,0.1901316144321059
coherent-longitudinal-detuning,finite-two-level-exchange-relaxation,3.7699111843077517,0.07142857142857142,0.13150722575587007
coherent-longitudinal-detuning,finite-two-level-exchange-relaxation,3.9269908169872414,0.07142857142857142,0.07830388992275672
coherent-longitudinal-detuning,finite-two-level-exchange-relaxation,4.084070449666731,0.07142857142857142,0.030097971619706395
coherent-longitudinal-detuning,finite-two-level-exchange-relaxation,4.241150082346221,0.07142857142857142,0.014895774444056759
coherent-longitudinal-detuning,finite-two-level-exchange-relaxation,4.39822971502571,0.07142857142857142,0.06173609282509899
coherent-longitudinal-detuning,finite-two-level-exchange-relaxation,4.5553093477052,0.07142857142857142,0.11316618824488119
coherent-longitudinal-detuning,finite-two-level-exchange-relaxation,4.71238898038469,0.07142857142857142,0.17001111944481345
coherent-longitudinal-detuning,finite-two-level-exchange-relaxation,4.869468613064179,0.07142857142857142,0.2319076001386158
coherent-longitudinal-detuning,finite-two-level-exchange-relaxation,5.026548245743669,0.07142857142857142,0.2974796911571798
coherent-longitudinal-detuning,finite-two-level-exchange-relaxation,5.183627878423159,0.07142857142857142,0.2534485459107317
coherent-longitudinal-detuning,finite-two-level-exchange-relaxation,5.340707511102648,0.07142857142857142,0.2107811487496154
coherent-longitudinal-detuning,finite-two-level-exchange-relaxation,5.497787143782138,0.07142857142857142,0.1700111194448136
coherent-longitudinal-detuning,finite-two-level-exchange-relaxation,5.654866776461628,0.07142857142857142,0.13150722575587007
coherent-longitudinal-detuning,finite-two-level-exchange-relaxation,5.811946409141117,0.07142857142857142,0.09543692113703046
coherent-longitudinal-detuning,finite-two-level-exchange-relaxation,5.969026041820607,0.07142857142857142,0.0617360928250991
coherent-longitudinal-detuning,finite-two-level-exchange-relaxation,6.126105674500097,0.07142857142857142,0.030097971619706395
coherent-longitudinal-detuning,finite-two-level-exchange-relaxation,6.283185307179586,1.0,1.7015025033948488e-16
coherent-longitudinal-detuning,finite-two-level-exchange-relaxation,6.440264939859076,0.07142857142857142,0.030097971619706346
coherent-longitudinal-detuning,finite-two-level-exchange-relaxation,6.5973445725385655,0.07142857142857142,0.061736092825098995
coherent-longitudinal-detuning,finite-two-level-exchange-relaxation,6.754424205218055,0.07142857142857142,0.09543692113703042
coherent-longitudinal-detuning,finite-two-level-exchange-relaxation,6.911503837897545,0.07142857142857142,0.13150722575587
coherent-longitudinal-detuning,finite-two-level-exchange-relaxation,7.0685834705770345,0.07142857142857142,0.17001111944481345
coherent-longitudinal-detuning,finite-two-level-exchange-relaxation,7.225663103256524,0.07142857142857142,0.21078114874961526
coherent-longitudinal-detuning,finite-two-level-exchange-relaxation,7.382742735936014,0.07142857142857142,0.2534485459107315
coherent-longitudinal-detuning,finite-two-level-exchange-relaxation,7.5398223686155035,0.07142857142857142,0.2974796911571798
coherent-longitudinal-detuning,finite-two-level-exchange-relaxation,7.696902001294993,0.07142857142857142,0.23190760013861605
coherent-longitudinal-detuning,finite-two-level-exchange-relaxation,7.853981633974483,0.07142857142857142,0.1700111194448138
coherent-longitudinal-detuning,finite-two-level-exchange-relaxation,8.011061266653972,0.07142857142857142,0.1131661882448819
coherent-longitudinal-detuning,finite-two-level-exchange-relaxation,8.168140899333462,0.07142857142857142,0.0617360928250991
coherent-longitudinal-detuning,finite-two-level-exchange-relaxation,8.325220532012953,0.07142857142857142,0.014895774444056592
coherent-longitudinal-detuning,finite-two-level-exchange-relaxation,8.482300164692441,0.07142857142857142,0.030097971619706423
coherent-longitudinal-detuning,finite-two-level-exchange-relaxation,8.63937979737193,0.07142857142857142,0.07830388992275623
coherent-longitudinal-detuning,finite-two-level-exchange-relaxation,8.79645943005142,0.07142857142857142,0.13150722575586987
coherent-longitudinal-detuning,finite-two-level-exchange-relaxation,8.953539062730911,0.07142857142857142,0.1901316144321061
coherent-longitudinal-detuning,finite-two-level-exchange-relaxation,9.1106186954104,0.07142857142857142,0.13150722575587023
coherent-longitudinal-detuning,finite-two-level-exchange-relaxation,9.267698328089889,0.07142857142857142,0.0617360928250996
coherent-longitudinal-detuning,finite-two-level-exchange-relaxation,9.42477796076938,1.0,3.154284791132927e-16
coherent-longitudinal-detuning,finite-two-level-exchange-relaxation,9.58185759344887,0.07142857142857142,0.06173609282509927
coherent-longitudinal-detuning,finite-two-level-exchange-relaxation,9.738937226128359,0.07142857142857142,0.13150722575586996
coherent-longitudinal-detuning,finite-two-level-exchange-relaxation,9.896016858807847,0.07142857142857142,0.21078114874961468
coherent-longitudinal-detuning,finite-two-level-exchange-relaxation,10.053096491487338,0.07142857142857142,0.29747969115717954
coherent-longitudinal-detuning,finite-two-level-exchange-relaxation,10.210176124166829,0.07142857142857142,0.17001111944481312
coherent-longitudinal-detuning,finite-two-level-exchange-relaxation,10.367255756846317,0.07142857142857142,0.06173609282509969
coherent-longitudinal-detuning,finite-two-level-exchange-relaxation,10.524335389525806,0.07142857142857142,0.030097971619705715
coherent-longitudinal-detuning,finite-two-level-exchange-relaxation,10.681415022205297,0.07142857142857142,0.1315072257558689
coherent-longitudinal-detuning,finite-two-level-exchange-relaxation,10.838494654884787,0.07142857142857142,0.1901316144321059
coherent-longitudinal-detuning,finite-two-level-exchange-relaxation,10.995574287564276,0.07142857142857142,0.1700111194448136
coherent-longitudinal-detuning,finite-two-level-exchange-relaxation,11.152653920243765,0.07142857142857142,0.15046031373281404
coherent-longitudinal-detuning,finite-two-level-exchange-relaxation,11.309733552923255,0.07142857142857142,0.13150722575587007
coherent-longitudinal-detuning,finite-two-level-exchange-relaxation,11.466813185602746,0.07142857142857142,0.11316618824488138
coherent-longitudinal-detuning,finite-two-level-exchange-relaxation,11.623892818282235,0.07142857142857142,0.09543692113703046
coherent-longitudinal-detuning,finite-two-level-exchange-relaxation,11.780972450961723,0.07142857142857142,0.07830388992275672
coherent-longitudinal-detuning,finite-two-level-exchange-relaxation,11.938052083641214,0.07142857142857142,0.0617360928250991
coherent-longitudinal-detuning,finite-two-level-exchange-relaxation,12.095131716320704,0.07142857142857142,0.04568745172706986
coherent-longitudinal-detuning,finite-two-level-exchange-relaxation,12.252211349000193,0.07142857142857142,0.030097971619706395
coherent-longitudinal-detuning,finite-two-level-exchange-relaxation,12.409290981679682,0.07142857142857142,0.014895774444056866
coherent-longitudinal-detuning,finite-two-level-exchange-relaxation,12.566370614359172,1.0,1.7015025033948488e-16
coherent-longitudinal-detuning,markovian-photon-reservoir-decay,0.0,1.0,0.0
coherent-longitudinal-detuning,markovian-photon-reservoir-decay,0.15707963267948966,0.07142857142857142,0.015834223311110392
coherent-longitudinal-detuning,markovian-photon-reservoir-decay,0.3141592653589793,0.07142857142857142,0.03159517249437156
coherent-longitudinal-detuning,markovian-photon-reservoir-decay,0.47123889803846897,0.07142857142857142,0.047277677408619774
coherent-longitudinal-detuning,markovian-photon-reservoir-decay,0.6283185307179586,0.07142857142857142,0.06287661163394719
coherent-longitudinal-detuning,markovian-photon-reservoir-decay,0.7853981633974483,0.07142857142857142,0.07838689460585309
coherent-longitudinal-detuning,markovian-photon-reservoir-decay,0.9424777960769379,0.07142857142857142,0.09380349371786299
coherent-longitudinal-detuning,markovian-photon-reservoir-decay,1.0995574287564276,0.07142857142857142,0.10912142639228632
coherent-longitudinal-detuning,markovian-photon-reservoir-decay,1.2566370614359172,0.07142857142857142,0.12433576211879274
coherent-longitudinal-detuning,markovian-photon-reservoir-decay,1.413716694115407,0.07142857142857142,0.13944162446049355
coherent-longitudinal-detuning,markovian-photon-reservoir-decay,1.5707963267948966,0.07142857142857142,0.15443419302722408
coherent-longitudinal-detuning,markovian-photon-reservoir-decay,1.7278759594743862,0.07142857142857142,0.16930870541573104
coherent-longitudinal-detuning,markovian-photon-reservoir-decay,1.8849555921538759,0.07142857142857142,0.18406045911647953
coherent-longitudinal-detuning,markovian-photon-reservoir-decay,2.0420352248333655,0.07142857142857142,0.19868481338680447
coherent-longitudinal-detuning,markovian-photon-reservoir-decay,2.199114857512855,0.07142857142857142,0.21317719109014302
coherent-longitudinal-detuning,markovian-photon-reservoir-decay,2.356194490192345,0.07142857142857142,0.22747146368383864
coherent-longitudinal-detuning,markovian-photon-reservoir-decay,2.5132741228718345,0.07142857142857142,0.24154422001190098
coherent-longitudinal-detuning,markovian-photon-reservoir-decay,2.670353755551324,0.07142857142857142,0.25545652359989063
coherent-longitudinal-detuning,markovian-photon-reservoir-decay,2.827433388230814,0.07142857142857142,0.2692044796833723
coherent-longitudinal-detuning,markovian-photon-reservoir-decay,2.9845130209103035,0.07142857142857142,0.282784273205785
coherent-longitudinal-detuning,markovian-photon-reservoir-decay,3.141592653589793,0.07142857142857142,0.29619217024248407
coherent-longitudinal-detuning,markovian-photon-reservoir-decay,3.2986722862692828,0.07142857142857142,0.3094245193844249
coherent-longitudinal-detuning,markovian-photon-reservoir-decay,3.4557519189487724,0.07142857142857142,0.32247775308162974
coherent-longitudinal-detuning,markovian-photon-reservoir-decay,3.612831551628262,0.07142857142857142,0.3233221465616169
coherent-longitudinal-detuning,markovian-photon-reservoir-decay,3.7699111843077517,0.07142857142857142,0.2508836243953059
coherent-longitudinal-detuning,markovian-photon-reservoir-decay,3.9269908169872414,0.07142857142857142,0.17914285158609117
coherent-longitudinal-detuning,markovian-photon-reservoir-decay,4.084070449666731,0.07142857142857142,0.11989630372076068
coherent-longitudinal-detuning,markovian-photon-reservoir-decay,4.241150082346221,0.07142857142857142,0.11035383197981885
coherent-longitudinal-detuning,markovian-photon-reservoir-decay,4.39822971502571,0.07142857142857142,0.16319533772523573
coherent-longitudinal-detuning,markovian-photon-reservoir-decay,4.5553093477052,0.07142857142857142,0.23364638167355736
coherent-longitudinal-detuning,markovian-photon-reservoir-decay,4.71238898038469,0.07142857142857142,0.307021943181591
coherent-longitudinal-detuning,markovian-photon-reservoir-decay,4.869468613064179,0.07142857142857142,0.3765106024318622
coherent-longitudinal-detuning,markovian-photon-reservoir-decay,5.026548245743669,0.07142857142857142,0.43825998302051455
coherent-longitudinal-detuning,markovian-photon-reservoir-decay,5.183627878423159,0.07142857142857142,0.4001258166185793
coherent-longitudinal-detuning,markovian-photon-reservoir-decay,5.340707511102648,0.07142857142857142,0.3568738157257639
coherent-longitudinal-detuning,markovian-photon-reservoir-decay,5.497787143782138,0.07142857142857142,0.31284797866975833
coherent-longitudinal-detuning,markovian-photon-reservoir-decay,5.654866776461628,0.07142857142857142,0.26799559029366943
coherent-longitudinal-detuning,markovian-photon-reservoir-decay,5.811946409141117,0.07142857142857142,0.22521790652166443
coherent-longitudinal-detuning,markovian-photon-reservoir-decay,5.969026041820607,0.07142857142857142,0.18719473306054976
coherent-longitudinal-detuning,markovian-photon-reservoir-decay,6.126105674500097,0.07142857142857142,0.15898033575412995
coherent-longitudinal-detuning,markovian-photon-reservoir-decay,6.283185307179586,0.07142857142857142,0.14958887910635604
coherent-longitudinal-detuning,markovian-photon-reservoir-decay,6.440264939859076,0.07142857142857142,0.16488001583142206
coherent-longitudinal-detuning,markovian-photon-reservoir-decay,6.5973445725385655,0.07142857142857142,0.1969824991904507
coherent-longitudinal-detuning,markovian-photon-reservoir-decay,6.754424205218055,0.07142857142857142,0.23712037930188654
coherent-longitudinal-detuning,markovian-photon-reservoir-decay,6.911503837897545,0.07142857142857142,0.2807798417914518
coherent-longitudinal-detuning,markovian-photon-reservoir-decay,7.0685834705770345,0.07142857142857142,0.3256479441497609
coherent-longitudinal-detuning,markovian-photon-reservoir-decay,7.225663103256524,0.07142857142857142,0.3487005372610571
coherent-longitudinal-detuning,markovian-photon-reservoir-decay,7.382742735936014,0.07142857142857142,0.3175966702164423
coherent-longitudinal-detuning,markovian-photon-reservoir-decay,7.5398223686155035,0.07142857142857142,0.2874103982724604
coherent-longitudinal-detuning,markovian-photon-reservoir-decay,7.696902001294993,0.07142857142857142,0.25889507036321574
coherent-longitudinal-detuning,markovian-photon-reservoir-decay,7.853981633974483,0.07142857142857142,0.2331045019995551
coherent-longitudinal-detuning,markovian-photon-reservoir-decay,8.011061266653972,0.07142857142857142,0.21155595730481488
coherent-longitudinal-detuning,markovian-photon-reservoir-decay,8.168140899333462,0.07142857142857142,0.19641449205209197
coherent-longitudinal-detuning,markovian-photon-reservoir-decay,8.325220532012953,0.07142857142857142,0.1903398621461638
coherent-longitudinal-detuning,markovian-photon-reservoir-decay,8.482300164692441,0.07142857142857142,0.19506304841951647
coherent-longitudinal-detuning,markovian-photon-reservoir-decay,8.63937979737193,0.07142857142857142,0.2095486103220689
coherent-longitudinal-detuning,markovian-photon-reservoir-decay,8.79645943005142,0.07142857142857142,0.23100665883587918
coherent-longitudinal-detuning,markovian-photon-reservoir-decay,8.953539062730911,0.07142857142857142,0.25690988352288463
coherent-longitudinal-detuning,markovian-photon-reservoir-decay,9.1106186954104,0.07142857142857142,0.28551031433119334
coherent-longitudinal-detuning,markovian-photon-reservoir-decay,9.267698328089889,0.07142857142857142,0.315648854153947
coherent-longitudinal-detuning,markovian-photon-reservoir-decay,9.42477796076938,0.07142857142857142,0.3465356537386982
coherent-longitudinal-detuning,markovian-photon-reservoir-decay,9.58185759344887,0.07142857142857142,0.37760853162230595
coherent-longitudinal-detuning,markovian-photon-reservoir-decay,9.738937226128359,0.07142857142857142,0.40844935397630316
coherent-longitudinal-detuning,markovian-photon-reservoir-decay,9.896016858807847,0.07142857142857142,0.4369849567069669
coherent-longitudinal-detuning,markovian-photon-reservoir-decay,10.053096491487338,0.07142857142857142,0.46457373036213917
coherent-longitudinal-detuning,markovian-photon-reservoir-decay,10.210176124166829,0.07142857142857142,0.4478622822056603
coherent-longitudinal-detuning,markovian-photon-reservoir-decay,10.367255756846317,0.07142857142857142,0.43119822765460863
coherent-longitudinal-detuning,markovian-photon-reservoir-decay,10.524335389525806,0.07142857142857142,0.4138777036722673
coherent-longitudinal-detuning,markovian-photon-reservoir-decay,10.681415022205297,0.07142857142857142,0.39590281245430303
coherent-longitudinal-detuning,markovian-photon-reservoir-decay,10.838494654884787,0.07142857142857142,0.37819370034035277
coherent-longitudinal-detuning,markovian-photon-reservoir-decay,10.995574287564276,0.07142857142857142,0.360894383945356
coherent-longitudinal-detuning,markovian-photon-reservoir-decay,11.152653920243765,0.07142857142857142,0.3441703285385956
coherent-longitudinal-detuning,markovian-photon-reservoir-decay,11.309733552923255,0.07142857142857142,0.328212986451169
coherent-longitudinal-detuning,markovian-photon-reservoir-decay,11.466813185602746,0.07142857142857142,0.31324510557328666
coherent-longitudinal-detuning,markovian-photon-reservoir-decay,11.623892818282235,0.07142857142857142,0.29952643709735255
coherent-longitudinal-detuning,markovian-photon-reservoir-decay,11.780972450961723,0.07142857142857142,0.2873586445958562
coherent-longitudinal-detuning,markovian-photon-reservoir-decay,11.938052083641214,0.07142857142857142,0.2770864533358801
coherent-longitudinal-detuning,markovian-photon-reservoir-decay,12.095131716320704,0.07142857142857142,0.2690888829256926
coherent-longitudinal-detuning,markovian-photon-reservoir-decay,12.252211349000193,0.07142857142857142,0.26375037709491894
coherent-longitudinal-detuning,markovian-photon-reservoir-decay,12.409290981679682,0.07142857142857142,0.261401782820207
coherent-longitudinal-detuning,markovian-photon-reservoir-decay,12.566370614359172,0.07142857142857142,0.2622366899765474
finite-mode-spin-boson-dephasing,finite-two-level-exchange-relaxation,0.0,1.0,0.0
finite-mode-spin-boson-dephasing,finite-two-level-exchange-relaxation,0.15707963267948966,0.07142857142857142,0.017378040056030056
finite-mode-spin-boson-dephasing,finite-two-level-exchange-relaxation,0.3141592653589793,0.07142857142857142,0.06371273960881672
finite-mode-spin-boson-dephasing,finite-two-level-exchange-relaxation,0.47123889803846897,0.07142857142857142,0.12483290528640097
finite-mode-spin-boson-dephasing,finite-two-level-exchange-relaxation,0.6283185307179586,0.07142857142857142,0.18461675173631703
finite-mode-spin-boson-dephasing,finite-two-level-exchange-relaxation,0.7853981633974483,0.07142857142857142,0.23289636725150542
finite-mode-spin-boson-dephasing,finite-two-level-exchange-relaxation,0.9424777960769379,0.07142857142857142,0.2662373088784619
finite-mode-spin-boson-dephasing,finite-two-level-exchange-relaxation,1.0995574287564276,0.07142857142857142,0.28637801365685095
finite-mode-spin-boson-dephasing,finite-two-level-exchange-relaxation,1.2566370614359172,0.07142857142857142,0.30005137860161185
finite-mode-spin-boson-dephasing,finite-two-level-exchange-relaxation,1.413716694115407,0.07142857142857142,0.3029882851588416
finite-mode-spin-boson-dephasing,finite-two-level-exchange-relaxation,1.5707963267948966,0.07142857142857142,0.3058447439284356
finite-mode-spin-boson-dephasing,finite-two-level-exchange-relaxation,1.7278759594743862,0.07142857142857142,0.3109491634978462
finite-mode-spin-boson-dephasing,finite-two-level-exchange-relaxation,1.8849555921538759,0.07142857142857142,0.3070382473513983
finite-mode-spin-boson-dephasing,finite-two-level-exchange-relaxation,2.0420352248333655,0.07142857142857142,0.30384231652566973
finite-mode-spin-boson-dephasing,finite-two-level-exchange-relaxation,2.199114857512855,0.07142857142857142,0.3034583803526125
finite-mode-spin-boson-dephasing,finite-two-level-exchange-relaxation,2.356194490192345,0.07142857142857142,0.30926056982257866
finite-mode-spin-boson-dephasing,finite-two-level-exchange-relaxation,2.5132741228718345,0.07142857142857142,0.3380734146074652
finite-mode-spin-boson-dephasing,finite-two-level-exchange-relaxation,2.670353755551324,0.07142857142857142,0.3160191146015218
finite-mode-spin-boson-dephasing,finite-two-level-exchange-relaxation,2.827433388230814,0.07142857142857142,0.305679277794427
finite-mode-spin-boson-dephasing,finite-two-level-exchange-relaxation,2.9845130209103035,0.07142857142857142,0.3016078055421153
finite-mode-spin-boson-dephasing,finite-two-level-exchange-relaxation,3.141592653589793,0.14285714285714285,0.3007185085386223
finite-mode-spin-boson-dephasing,finite-two-level-exchange-relaxation,3.2986722862692828,0.07142857142857142,0.30161240661383576
finite-mode-spin-boson-dephasing,finite-two-level-exchange-relaxation,3.4557519189487724,0.07142857142857142,0.30568810825326687
finite-mode-spin-boson-dephasing,finite-two-level-exchange-relaxation,3.612831551628262,0.07142857142857142,0.31302500714390147
finite-mode-spin-boson-dephasing,finite-two-level-exchange-relaxation,3.7699111843077517,0.07142857142857142,0.3109075626652654
finite-mode-spin-boson-dephasing,finite-two-level-exchange-relaxation,3.9269908169872414,0.07142857142857142,0.3073004937048997
finite-mode-spin-boson-dephasing,finite-two-level-exchange-relaxation,4.084070449666731,0.07142857142857142,0.31285503228434103
finite-mode-spin-boson-dephasing,finite-two-level-exchange-relaxation,4.241150082346221,0.07142857142857142,0.3156988192781206
finite-mode-spin-boson-dephasing,finite-two-level-exchange-relaxation,4.39822971502571,0.07142857142857142,0.3058189383912549
finite-mode-spin-boson-dephasing,finite-two-level-exchange-relaxation,4.5553093477052,0.07142857142857142,0.30463102636102735
finite-mode-spin-boson-dephasing,finite-two-level-exchange-relaxation,4.71238898038469,0.07142857142857142,0.3071484935191619
finite-mode-spin-boson-dephasing,finite-two-level-exchange-relaxation,4.869468613064179,0.07142857142857142,0.3179839643310301
finite-mode-spin-boson-dephasing,finite-two-level-exchange-relaxation,5.026548245743669,0.07142857142857142,0.3378205819314593
finite-mode-spin-boson-dephasing,finite-two-level-exchange-relaxation,5.183627878423159,0.07142857142857142,0.3207974541828697
finite-mode-spin-boson-dephasing,finite-two-level-exchange-relaxation,5.340707511102648,0.07142857142857142,0.31305770193851196
finite-mode-spin-boson-dephasing,finite-two-level-exchange-relaxation,5.497787143782138,0.07142857142857142,0.29794426229132825
finite-mode-spin-boson-dephasing,finite-two-level-exchange-relaxation,5.654866776461628,0.07142857142857142,0.2759649058725164
finite-mode-spin-boson-dephasing,finite-two-level-exchange-relaxation,5.811946409141117,0.07142857142857142,0.22180805698861955
finite-mode-spin-boson-dephasing,finite-two-level-exchange-relaxation,5.969026041820607,0.07142857142857142,0.13080295676598255
finite-mode-spin-boson-dephasing,finite-two-level-exchange-relaxation,6.126105674500097,0.07142857142857142,0.03929949031966784
finite-mode-spin-boson-dephasing,finite-two-level-exchange-relaxation,6.283185307179586,1.0,2.577970447486443e-16
finite-mode-spin-boson-dephasing,finite-two-level-exchange-relaxation,6.440264939859076,0.07142857142857142,0.039299490319667486
finite-mode-spin-boson-dephasing,finite-two-level-exchange-relaxation,6.5973445725385655,0.07142857142857142,0.13080295676598236
finite-mode-spin-boson-dephasing,finite-two-level-exchange-relaxation,6.754424205218055,0.07142857142857142,0.21515251763108884
finite-mode-spin-boson-dephasing,finite-two-level-exchange-relaxation,6.911503837897545,0.07142857142857142,0.2748487772057592
finite-mode-spin-boson-dephasing,finite-two-level-exchange-relaxation,7.0685834705770345,0.07142857142857142,0.3005974984659527
finite-mode-spin-boson-dephasing,finite-two-level-exchange-relaxation,7.225663103256524,0.07142857142857142,0.31126119446723016
finite-mode-spin-boson-dephasing,finite-two-level-exchange-relaxation,7.382742735936014,0.07142857142857142,0.31938450629258835
finite-mode-spin-boson-dephasing,finite-two-level-exchange-relaxation,7.5398223686155035,0.07142857142857142,0.3367868199130279
finite-mode-spin-boson-dephasing,finite-two-level-exchange-relaxation,7.696902001294993,0.07142857142857142,0.3177773774963825
finite-mode-spin-boson-dephasing,finite-two-level-exchange-relaxation,7.853981633974483,0.07142857142857142,0.307042005791466
finite-mode-spin-boson-dephasing,finite-two-level-exchange-relaxation,8.011061266653972,0.07142857142857142,0.30457132842750784
finite-mode-spin-boson-dephasing,finite-two-level-exchange-relaxation,8.168140899333462,0.07142857142857142,0.3058189383912549
finite-mode-spin-boson-dephasing,finite-two-level-exchange-relaxation,8.325220532012953,0.07142857142857142,0.3156988192781207
finite-mode-spin-boson-dephasing,finite-two-level-exchange-relaxation,8.482300164692441,0.07142857142857142,0.31285503228434103
finite-mode-spin-boson-dephasing,finite-two-level-exchange-relaxation,8.63937979737193,0.07142857142857142,0.3073004937048996
finite-mode-spin-boson-dephasing,finite-two-level-exchange-relaxation,8.79645943005142,0.07142857142857142,0.31088917176471087
finite-mode-spin-boson-dephasing,finite-two-level-exchange-relaxation,8.953539062730911,0.07142857142857142,0.3130072565431373
finite-mode-spin-boson-dephasing,finite-two-level-exchange-relaxation,9.1106186954104,0.07142857142857142,0.3057059748287014
finite-mode-spin-boson-dephasing,finite-two-level-exchange-relaxation,9.267698328089889,0.07142857142857142,0.3016316688273876
finite-mode-spin-boson-dephasing,finite-two-level-exchange-relaxation,9.42477796076938,0.14285714285714285,0.3007185085386224
finite-mode-spin-boson-dephasing,finite-two-level-exchange-relaxation,9.58185759344887,0.07142857142857142,0.30162864361980546
finite-mode-spin-boson-dephasing,finite-two-level-exchange-relaxation,9.738937226128359,0.07142857142857142,0.30570019751722094
finite-mode-spin-boson-dephasing,finite-two-level-exchange-relaxation,9.896016858807847,0.07142857142857142,0.31601911460150467
finite-mode-spin-boson-dephasing,finite-two-level-exchange-relaxation,10.053096491487338,0.07142857142857142,0.33810896491188686
finite-mode-spin-boson-dephasing,finite-two-level-exchange-relaxation,10.210176124166829,0.07142857142857142,0.30925349281682857
finite-mode-spin-boson-dephasing,finite-two-level-exchange-relaxation,10.367255756846317,0.07142857142857142,0.3034551158129178
finite-mode-spin-boson-dephasing,finite-two-level-exchange-relaxation,10.524335389525806,0.07142857142857142,0.3038817263671133
finite-mode-spin-boson-dephasing,finite-two-level-exchange-relaxation,10.681415022205297,0.07142857142857142,0.30706946251639067
finite-mode-spin-boson-dephasing,finite-two-level-exchange-relaxation,10.838494654884787,0.07142857142857142,0.31120926556375966
finite-mode-spin-boson-dephasing,finite-two-level-exchange-relaxation,10.995574287564276,0.07142857142857142,0.3065918953861649
finite-mode-spin-boson-dephasing,finite-two-level-exchange-relaxation,11.152653920243765,0.07142857142857142,0.3049899042481895
finite-mode-spin-boson-dephasing,finite-two-level-exchange-relaxation,11.309733552923255,0.07142857142857142,0.304912336616296
finite-mode-spin-boson-dephasing,finite-two-level-exchange-relaxation,11.466813185602746,0.07142857142857142,0.29525147670687035
finite-mode-spin-boson-dephasing,finite-two-level-exchange-relaxation,11.623892818282235,0.07142857142857142,0.2752252972000647
finite-mode-spin-boson-dephasing,finite-two-level-exchange-relaxation,11.780972450961723,0.07142857142857142,0.24100387408857663
finite-mode-spin-boson-dephasing,finite-two-level-exchange-relaxation,11.938052083641214,0.07142857142857142,0.1921800719415669
finite-mode-spin-boson-dephasing,finite-two-level-exchange-relaxation,12.095131716320704,0.07142857142857142,0.13126704439096712
finite-mode-spin-boson-dephasing,finite-two-level-exchange-relaxation,12.252211349000193,0.07142857142857142,0.06787731099743463
finite-mode-spin-boson-dephasing,finite-two-level-exchange-relaxation,12.409290981679682,0.07142857142857142,0.01867818681643743
finite-mode-spin-boson-dephasing,finite-two-level-exchange-relaxation,12.566370614359172,1.0,2.657272092102526e-16
finite-mode-spin-boson-dephasing,markovian-photon-reservoir-decay,0.0,1.0,0.0
finite-mode-spin-boson-dephasing,markovian-photon-reservoir-decay,0.15707963267948966,0.07142857142857142,0.018010615491184993
finite-mode-spin-boson-dephasing,markovian-photon-reservoir-decay,0.3141592653589793,0.07142857142857142,0.06484777064450795
finite-mode-spin-boson-dephasing,markovian-photon-reservoir-decay,0.47123889803846897,0.07142857142857142,0.1255412280186545
finite-mode-spin-boson-dephasing,markovian-photon-reservoir-decay,0.6283185307179586,0.07142857142857142,0.18636455712269603
finite-mode-spin-boson-dephasing,markovian-photon-reservoir-decay,0.7853981633974483,0.07142857142857142,0.23720173924062235
finite-mode-spin-boson-dephasing,markovian-photon-reservoir-decay,0.9424777960769379,0.07142857142857142,0.2727811038883605
finite-mode-spin-boson-dephasing,markovian-photon-reservoir-decay,1.0995574287564276,0.07142857142857142,0.294075174264758
finite-mode-spin-boson-dephasing,markovian-photon-reservoir-decay,1.2566370614359172,0.07142857142857142,0.3050293503580327
finite-mode-spin-boson-dephasing,markovian-photon-reservoir-decay,1.413716694115407,0.07142857142857142,0.3098284018269787
finite-mode-spin-boson-dephasing,markovian-photon-reservoir-decay,1.5707963267948966,0.07142857142857142,0.31157609100254985
finite-mode-spin-boson-dephasing,markovian-photon-reservoir-decay,1.7278759594743862,0.07142857142857142,0.31211549799708665
finite-mode-spin-boson-dephasing,markovian-photon-reservoir-decay,1.8849555921538759,0.07142857142857142,0.3123416711321473
finite-mode-spin-boson-dephasing,markovian-photon-reservoir-decay,2.0420352248333655,0.07142857142857142,0.31161792371212355
finite-mode-spin-boson-dephasing,markovian-photon-reservoir-decay,2.199114857512855,0.07142857142857142,0.31071800940174965
finite-mode-spin-boson-dephasing,markovian-photon-reservoir-decay,2.356194490192345,0.07142857142857142,0.3100365906843248
finite-mode-spin-boson-dephasing,markovian-photon-reservoir-decay,2.5132741228718345,0.07142857142857142,0.3095832138081631
finite-mode-spin-boson-dephasing,markovian-photon-reservoir-decay,2.670353755551324,0.07142857142857142,0.30933143563664034
finite-mode-spin-boson-dephasing,markovian-photon-reservoir-decay,2.827433388230814,0.07142857142857142,0.3092576880420104
finite-mode-spin-boson-dephasing,markovian-photon-reservoir-decay,2.9845130209103035,0.07142857142857142,0.3093411389300141
finite-mode-spin-boson-dephasing,markovian-photon-reservoir-decay,3.141592653589793,0.07142857142857142,0.3095632733800676
finite-mode-spin-boson-dephasing,markovian-photon-reservoir-decay,3.2986722862692828,0.07142857142857142,0.30990742392066295
finite-mode-spin-boson-dephasing,markovian-photon-reservoir-decay,3.4557519189487724,0.07142857142857142,0.31035844338566404
finite-mode-spin-boson-dephasing,markovian-photon-reservoir-decay,3.612831551628262,0.07142857142857142,0.31090258272352506
finite-mode-spin-boson-dephasing,markovian-photon-reservoir-decay,3.7699111843077517,0.07142857142857142,0.311527460183056
finite-mode-spin-boson-dephasing,markovian-photon-reservoir-decay,3.9269908169872414,0.07142857142857142,0.31222193307509205
finite-mode-spin-boson-dephasing,markovian-photon-reservoir-decay,4.084070449666731,0.07142857142857142,0.3129757163159356
finite-mode-spin-boson-dephasing,markovian-photon-reservoir-decay,4.241150082346221,0.07142857142857142,0.31377856897697437
finite-mode-spin-boson-dephasing,markovian-photon-reservoir-decay,4.39822971502571,0.07142857142857142,0.31402999320359354
finite-mode-spin-boson-dephasing,markovian-photon-reservoir-decay,4.5553093477052,0.07142857142857142,0.31429434302458426
finite-mode-spin-boson-dephasing,markovian-photon-reservoir-decay,4.71238898038469,0.07142857142857142,0.31454283403783106
finite-mode-spin-boson-dephasing,markovian-photon-reservoir-decay,4.869468613064179,0.07142857142857142,0.3146811474585943
finite-mode-spin-boson-dephasing,markovian-photon-reservoir-decay,5.026548245743669,0.07142857142857142,0.3144606894734613
finite-mode-spin-boson-dephasing,markovian-photon-reservoir-decay,5.183627878423159,0.07142857142857142,0.31322600904358705
finite-mode-spin-boson-dephasing,markovian-photon-reservoir-decay,5.340707511102648,0.07142857142857142,0.30937205323300077
finite-mode-spin-boson-dephasing,markovian-photon-reservoir-decay,5.497787143782138,0.07142857142857142,0.29966387400144673
finite-mode-spin-boson-dephasing,markovian-photon-reservoir-decay,5.654866776461628,0.07142857142857142,0.27581660529233304
finite-mode-spin-boson-dephasing,markovian-photon-reservoir-decay,5.811946409141117,0.07142857142857142,0.2281284013770871
finite-mode-spin-boson-dephasing,markovian-photon-reservoir-decay,5.969026041820607,0.07142857142857142,0.1622306640548714
finite-mode-spin-boson-dephasing,markovian-photon-reservoir-decay,6.126105674500097,0.07142857142857142,0.13269834932613725
finite-mode-spin-boson-dephasing,markovian-photon-reservoir-decay,6.283185307179586,0.07142857142857142,0.14958887910635604
finite-mode-spin-boson-dephasing,markovian-photon-reservoir-decay,6.440264939859076,0.07142857142857142,0.13875660608153903
finite-mode-spin-boson-dephasing,markovian-photon-reservoir-decay,6.5973445725385655,0.07142857142857142,0.1697412977493906
finite-mode-spin-boson-dephasing,markovian-photon-reservoir-decay,6.754424205218055,0.07142857142857142,0.23593909259288615
finite-mode-spin-boson-dephasing,markovian-photon-reservoir-decay,6.911503837897545,0.07142857142857142,0.28359770732228984
finite-mode-spin-boson-dephasing,markovian-photon-reservoir-decay,7.0685834705770345,0.07142857142857142,0.30743267483338105
finite-mode-spin-boson-dephasing,markovian-photon-reservoir-decay,7.225663103256524,0.07142857142857142,0.31838561911074387
finite-mode-spin-boson-dephasing,markovian-photon-reservoir-decay,7.382742735936014,0.07142857142857142,0.32307669861655286
finite-mode-spin-boson-dephasing,markovian-photon-reservoir-decay,7.5398223686155035,0.07142857142857142,0.3253954887457719
finite-mode-spin-boson-dephasing,markovian-photon-reservoir-decay,7.696902001294993,0.07142857142857142,0.3267981009001729
finite-mode-spin-boson-dephasing,markovian-photon-reservoir-decay,7.853981633974483,0.07142857142857142,0.32786760020295436
finite-mode-spin-boson-dephasing,markovian-photon-reservoir-decay,8.011061266653972,0.07142857142857142,0.32881923806561913
finite-mode-spin-boson-dephasing,markovian-photon-reservoir-decay,8.168140899333462,0.07142857142857142,0.3297310858024097
finite-mode-spin-boson-dephasing,markovian-photon-reservoir-decay,8.325220532012953,0.07142857142857142,0.330631946888723
finite-mode-spin-boson-dephasing,markovian-photon-reservoir-decay,8.482300164692441,0.07142857142857142,0.33153276430930884
finite-mode-spin-boson-dephasing,markovian-photon-reservoir-decay,8.63937979737193,0.07142857142857142,0.3324377852751125
finite-mode-spin-boson-dephasing,markovian-photon-reservoir-decay,8.79645943005142,0.07142857142857142,0.33334866296120264
finite-mode-spin-boson-dephasing,markovian-photon-reservoir-decay,8.953539062730911,0.07142857142857142,0.3342660498947251
finite-mode-spin-boson-dephasing,markovian-photon-reservoir-decay,9.1106186954104,0.07142857142857142,0.335190233904408
finite-mode-spin-boson-dephasing,markovian-photon-reservoir-decay,9.267698328089889,0.07142857142857142,0.33612134031193147
finite-mode-spin-boson-dephasing,markovian-photon-reservoir-decay,9.42477796076938,0.07142857142857142,0.33705930472173007
finite-mode-spin-boson-dephasing,markovian-photon-reservoir-decay,9.58185759344887,0.07142857142857142,0.3380037662900265
finite-mode-spin-boson-dephasing,markovian-photon-reservoir-decay,9.738937226128359,0.07142857142857142,0.3387966187463789
finite-mode-spin-boson-dephasing,markovian-photon-reservoir-decay,9.896016858807847,0.07142857142857142,0.33954318653750715
finite-mode-spin-boson-dephasing,markovian-photon-reservoir-decay,10.053096491487338,0.07142857142857142,0.3402942172527069
finite-mode-spin-boson-dephasing,markovian-photon-reservoir-decay,10.210176124166829,0.07142857142857142,0.3410485119334587
finite-mode-spin-boson-dephasing,markovian-photon-reservoir-decay,10.367255756846317,0.07142857142857142,0.3418045280739075
finite-mode-spin-boson-dephasing,markovian-photon-reservoir-decay,10.524335389525806,0.07142857142857142,0.34253427690283617
finite-mode-spin-boson-dephasing,markovian-photon-reservoir-decay,10.681415022205297,0.07142857142857142,0.3431879871354894
finite-mode-spin-boson-dephasing,markovian-photon-reservoir-decay,10.838494654884787,0.07142857142857142,0.3436725994697188
finite-mode-spin-boson-dephasing,markovian-photon-reservoir-decay,10.995574287564276,0.07142857142857142,0.34375231521727684
finite-mode-spin-boson-dephasing,markovian-photon-reservoir-decay,11.152653920243765,0.07142857142857142,0.34292317294569613
finite-mode-spin-boson-dephasing,markovian-photon-reservoir-decay,11.309733552923255,0.07142857142857142,0.34010487354792224
finite-mode-spin-boson-dephasing,markovian-photon-reservoir-decay,11.466813185602746,0.07142857142857142,0.3339269835271022
finite-mode-spin-boson-dephasing,markovian-photon-reservoir-decay,11.623892818282235,0.07142857142857142,0.32057024067955203
finite-mode-spin-boson-dephasing,markovian-photon-reservoir-decay,11.780972450961723,0.07142857142857142,0.2999587256458533
finite-mode-spin-boson-dephasing,markovian-photon-reservoir-decay,11.938052083641214,0.07142857142857142,0.26786090562746095
finite-mode-spin-boson-dephasing,markovian-photon-reservoir-decay,12.095131716320704,0.07142857142857142,0.23665497397137206
finite-mode-spin-boson-dephasing,markovian-photon-reservoir-decay,12.252211349000193,0.07142857142857142,0.23040277164593
finite-mode-spin-boson-dephasing,markovian-photon-reservoir-decay,12.409290981679682,0.07142857142857142,0.23408355211156912
finite-mode-spin-boson-dephasing,markovian-photon-reservoir-decay,12.566370614359172,0.07142857142857142,0.2622366899765474
finite-two-level-exchange-relaxation,markovian-photon-reservoir-decay,0.0,1.0,0.0
finite-two-level-exchange-relaxation,markovian-photon-reservoir-decay,0.15707963267948966,0.07142857142857142,0.0009139977143528299
finite-two-level-exchange-relaxation,markovian-photon-reservoir-decay,0.3141592653589793,0.07142857142857142,0.0035448467997260076
finite-two-level-exchange-relaxation,markovian-photon-reservoir-decay,0.47123889803846897,0.07142857142857142,0.0021308049574872397
finite-two-level-exchange-relaxation,markovian-photon-reservoir-decay,0.6283185307179586,0.07142857142857142,0.0035448467997260076
finite-two-level-exchange-relaxation,markovian-photon-reservoir-decay,0.7853981633974483,0.07142857142857142,0.00024654618012218127
finite-two-level-exchange-relaxation,markovian-photon-reservoir-decay,0.9424777960769379,0.07142857142857142,0.0021308049574872397
finite-two-level-exchange-relaxation,markovian-photon-reservoir-decay,1.0995574287564276,0.07142857142857142,0.011118392152359827
finite-two-level-exchange-relaxation,markovian-photon-reservoir-decay,1.2566370614359172,0.07142857142857142,0.012496539567732551
finite-two-level-exchange-relaxation,markovian-photon-reservoir-decay,1.413716694115407,0.07142857142857142,0.002976305286158527
finite-two-level-exchange-relaxation,markovian-photon-reservoir-decay,1.5707963267948966,0.07142857142857142,0.0006010612526289564
finite-two-level-exchange-relaxation,markovian-photon-reservoir-decay,1.7278759594743862,0.07142857142857142,0.00017100541984361265
finite-two-level-exchange-relaxation,markovian-photon-reservoir-decay,1.8849555921538759,0.07142857142857142,0.017085495655315027
finite-two-level-exchange-relaxation,markovian-photon-reservoir-decay,2.0420352248333655,0.07142857142857142,0.03023040376434033
finite-two-level-exchange-relaxation,markovian-photon-reservoir-decay,2.199114857512855,0.07142857142857142,0.03789821507770154
finite-two-level-exchange-relaxation,markovian-photon-reservoir-decay,2.356194490192345,0.07142857142857142,0.039026159151734754
finite-two-level-exchange-relaxation,markovian-photon-reservoir-decay,2.5132741228718345,0.07142857142857142,0.012399897697116056
finite-two-level-exchange-relaxation,markovian-photon-reservoir-decay,2.670353755551324,0.07142857142857142,0.014151854040873215
finite-two-level-exchange-relaxation,markovian-photon-reservoir-decay,2.827433388230814,0.07142857142857142,0.036776799223555236
finite-two-level-exchange-relaxation,markovian-photon-reservoir-decay,2.9845130209103035,0.07142857142857142,0.03384955644430666
finite-two-level-exchange-relaxation,markovian-photon-reservoir-decay,3.141592653589793,0.07142857142857142,0.026029398746313392
finite-two-level-exchange-relaxation,markovian-photon-reservoir-decay,3.2986722862692828,0.07142857142857142,0.013023703655996477
finite-two-level-exchange-relaxation,markovian-photon-reservoir-decay,3.4557519189487724,0.07142857142857142,0.00017100541984361265
finite-two-level-exchange-relaxation,markovian-photon-reservoir-decay,3.612831551628262,0.07142857142857142,0.009514741964399356
finite-two-level-exchange-relaxation,markovian-photon-reservoir-decay,3.7699111843077517,0.07142857142857142,0.017860037800281173
finite-two-level-exchange-relaxation,markovian-photon-reservoir-decay,3.9269908169872414,0.07142857142857142,0.01586302891121557
finite-two-level-exchange-relaxation,markovian-photon-reservoir-decay,4.084070449666731,0.07142857142857142,0.04986373817359324
finite-two-level-exchange-relaxation,markovian-photon-reservoir-decay,4.241150082346221,0.07142857142857142,0.06645827749280331
finite-two-level-exchange-relaxation,markovian-photon-reservoir-decay,4.39822971502571,0.07142857142857142,0.05020374583722601
finite-two-level-exchange-relaxation,markovian-photon-reservoir-decay,4.5553093477052,0.07142857142857142,0.03494586575984577
finite-two-level-exchange-relaxation,markovian-photon-reservoir-decay,4.71238898038469,0.07142857142857142,0.03413805177643382
finite-two-level-exchange-relaxation,markovian-photon-reservoir-decay,4.869468613064179,0.07142857142857142,0.01433985344439625
finite-two-level-exchange-relaxation,markovian-photon-reservoir-decay,5.026548245743669,0.07142857142857142,0.012399897697115695
finite-two-level-exchange-relaxation,markovian-photon-reservoir-decay,5.183627878423159,0.07142857142857142,0.0010405167666161814
finite-two-level-exchange-relaxation,markovian-photon-reservoir-decay,5.340707511102648,0.07142857142857142,0.014151854040873215
finite-two-level-exchange-relaxation,markovian-photon-reservoir-decay,5.497787143782138,0.07142857142857142,0.026777049098353385
finite-two-level-exchange-relaxation,markovian-photon-reservoir-decay,5.654866776461628,0.07142857142857142,0.03543981326967094
finite-two-level-exchange-relaxation,markovian-photon-reservoir-decay,5.811946409141117,0.07142857142857142,0.020209556844585395
finite-two-level-exchange-relaxation,markovian-photon-reservoir-decay,5.969026041820607,0.07142857142857142,0.010889377723689465
finite-two-level-exchange-relaxation,markovian-photon-reservoir-decay,6.126105674500097,0.07142857142857142,0.0028781679579554464
finite-two-level-exchange-relaxation,markovian-photon-reservoir-decay,6.283185307179586,0.07142857142857142,0.016412510108696578
finite-two-level-exchange-relaxation,markovian-photon-reservoir-decay,6.440264939859076,0.07142857142857142,0.029543691017918476
finite-two-level-exchange-relaxation,markovian-photon-reservoir-decay,6.5973445725385655,0.07142857142857142,0.01791033706390469
finite-two-level-exchange-relaxation,markovian-photon-reservoir-decay,6.754424205218055,0.07142857142857142,0.03904924536692347
finite-two-level-exchange-relaxation,markovian-photon-reservoir-decay,6.911503837897545,0.07142857142857142,0.01828312430720268
finite-two-level-exchange-relaxation,markovian-photon-reservoir-decay,7.0685834705770345,0.07142857142857142,0.00401100045874459
finite-two-level-exchange-relaxation,markovian-photon-reservoir-decay,7.225663103256524,0.07142857142857142,0.03363177848716176
finite-two-level-exchange-relaxation,markovian-photon-reservoir-decay,7.382742735936014,0.07142857142857142,0.0206804685910088
finite-two-level-exchange-relaxation,markovian-photon-reservoir-decay,7.5398223686155035,0.07142857142857142,0.017860037800281173
finite-two-level-exchange-relaxation,markovian-photon-reservoir-decay,7.696902001294993,0.07142857142857142,0.00442899223606616
finite-two-level-exchange-relaxation,markovian-photon-reservoir-decay,7.853981633974483,0.07142857142857142,0.007441134499715756
finite-two-level-exchange-relaxation,markovian-photon-reservoir-decay,8.011061266653972,0.07142857142857142,0.028665686368653954
finite-two-level-exchange-relaxation,markovian-photon-reservoir-decay,8.168140899333462,0.07142857142857142,0.10691635576292059
finite-two-level-exchange-relaxation,markovian-photon-reservoir-decay,8.325220532012953,0.07142857142857142,0.16169280748167153
finite-two-level-exchange-relaxation,markovian-photon-reservoir-decay,8.482300164692441,0.07142857142857142,0.15856897930778316
finite-two-level-exchange-relaxation,markovian-photon-reservoir-decay,8.63937979737193,0.07142857142857142,0.10249226190670684
finite-two-level-exchange-relaxation,markovian-photon-reservoir-decay,8.79645943005142,0.07142857142857142,0.005909073175521163
finite-two-level-exchange-relaxation,markovian-photon-reservoir-decay,8.953539062730911,0.07142857142857142,0.008043889910866225
finite-two-level-exchange-relaxation,markovian-photon-reservoir-decay,9.1106186954104,0.07142857142857142,0.04538599374683789
finite-two-level-exchange-relaxation,markovian-photon-reservoir-decay,9.267698328089889,0.07142857142857142,0.006489119400097284
finite-two-level-exchange-relaxation,markovian-photon-reservoir-decay,9.42477796076938,0.07142857142857142,0.0033849771150016267
finite-two-level-exchange-relaxation,markovian-photon-reservoir-decay,9.58185759344887,0.07142857142857142,0.00018998020915472947
finite-two-level-exchange-relaxation,markovian-photon-reservoir-decay,9.738937226128359,0.07142857142857142,0.028282931668974477
finite-two-level-exchange-relaxation,markovian-photon-reservoir-decay,9.896016858807847,0.07142857142857142,0.02595426505514988
finite-two-level-exchange-relaxation,markovian-photon-reservoir-decay,10.053096491487338,0.07142857142857142,0.012399897697115695
finite-two-level-exchange-relaxation,markovian-photon-reservoir-decay,10.210176124166829,0.07142857142857142,0.038935710073066794
finite-two-level-exchange-relaxation,markovian-photon-reservoir-decay,10.367255756846317,0.07142857142857142,0.0014090635044873433
finite-two-level-exchange-relaxation,markovian-photon-reservoir-decay,10.524335389525806,0.07142857142857142,0.01684108862742415
finite-two-level-exchange-relaxation,markovian-photon-reservoir-decay,10.681415022205297,0.07142857142857142,0.0011468256451541603
finite-two-level-exchange-relaxation,markovian-photon-reservoir-decay,10.838494654884787,0.07142857142857142,0.04481141900857989
finite-two-level-exchange-relaxation,markovian-photon-reservoir-decay,10.995574287564276,0.07142857142857142,0.0015418304820254553
finite-two-level-exchange-relaxation,markovian-photon-reservoir-decay,11.152653920243765,0.07142857142857142,0.003270360550349421
finite-two-level-exchange-relaxation,markovian-photon-reservoir-decay,11.309733552923255,0.07142857142857142,0.031560928618611164
finite-two-level-exchange-relaxation,markovian-photon-reservoir-decay,11.466813185602746,0.07142857142857142,0.031077802355783956
finite-two-level-exchange-relaxation,markovian-photon-reservoir-decay,11.623892818282235,0.07142857142857142,0.01953477050882476
finite-two-level-exchange-relaxation,markovian-photon-reservoir-decay,11.780972450961723,0.07142857142857142,0.03206862845714724
finite-two-level-exchange-relaxation,markovian-photon-reservoir-decay,11.938052083641214,0.07142857142857142,0.026645843839741782
finite-two-level-exchange-relaxation,markovian-photon-reservoir-decay,12.095131716320704,0.07142857142857142,0.018565639767292173
finite-two-level-exchange-relaxation,markovian-photon-reservoir-decay,12.252211349000193,0.07142857142857142,0.14343848999532072
finite-two-level-exchange-relaxation,markovian-photon-reservoir-decay,12.409290981679682,0.07142857142857142,0.22989738315664385
finite-two-level-exchange-relaxation,markovian-photon-reservoir-decay,12.566370614359172,0.07142857142857142,0.2622366899765468
